{
  "annotations": {
    "list": [
      {
        "builtIn": 1,
        "datasource": "-- Grafana --",
        "enable": true,
        "hide": true,
        "iconColor": "rgba(0, 211, 255, 1)",
        "name": "Annotations & Alerts",
        "type": "dashboard"
      }
    ]
  },
  "editable": true,
  "gnetId": null,
  "graphTooltip": 0,
  "id": 26,
  "iteration": 1646054345819,
  "links": [
    {
      "asDropdown": false,
      "icon": "external link",
      "includeVars": true,
      "keepTime": true,
      "tags": [
        "hcl-cache"
      ],
      "title": "Cache",
      "type": "dashboards"
    }
  ],
  "panels": [
    {
      "datasource": "${DS_PROMETHEUS}",
      "fieldConfig": {
        "defaults": {},
        "overrides": []
      },
      "gridPos": {
        "h": 2,
        "w": 24,
        "x": 0,
        "y": 0
      },
      "id": 424,
      "options": {
        "content": "<br/>\n<h1>Local Cache Details</h1>",
        "mode": "html"
      },
      "pluginVersion": "7.5.5",
      "timeFrom": null,
      "timeShift": null,
      "transparent": true,
      "type": "text"
    },
    {
      "collapsed": false,
      "datasource": "${DS_PROMETHEUS}",
      "gridPos": {
        "h": 1,
        "w": 24,
        "x": 0,
        "y": 2
      },
      "id": 21,
      "panels": [],
      "repeat": "cache",
      "scopedVars": {
        "cache": {
          "selected": true,
          "text": "baseCache",
          "value": "baseCache"
        }
      },
      "title": "$cache",
      "type": "row"
    },
    {
      "aliasColors": {},
      "bars": false,
      "dashLength": 10,
      "dashes": false,
      "datasource": "${DS_PROMETHEUS}",
      "fieldConfig": {
        "defaults": {
          "links": []
        },
        "overrides": []
      },
      "fill": 1,
      "fillGradient": 0,
      "gridPos": {
        "h": 7,
        "w": 11,
        "x": 0,
        "y": 3
      },
      "hiddenSeries": false,
      "id": 95,
      "interval": "",
      "legend": {
        "avg": false,
        "current": false,
        "max": false,
        "min": false,
        "show": true,
        "total": false,
        "values": false
      },
      "lines": true,
      "linewidth": 1,
      "nullPointMode": "null",
      "options": {
        "alertThreshold": true
      },
      "percentage": false,
      "pluginVersion": "7.5.5",
      "pointradius": 2,
      "points": false,
      "renderer": "flot",
      "scopedVars": {
        "cache": {
          "selected": true,
          "text": "baseCache",
          "value": "baseCache"
        }
      },
      "seriesOverrides": [],
      "spaceLength": 10,
      "stack": false,
      "steppedLine": false,
      "targets": [
        {
          "exemplar": true,
          "expr": "hclcache_cache_size_max{ kubernetes_namespace=~\"$namespace\", component=~\"$job\", kubernetes_pod_name=~\"$pod\", scope=\"local\", name=\"$cache\" }",
          "hide": false,
          "interval": "",
          "legendFormat": "max",
          "refId": "A"
        },
        {
          "exemplar": true,
          "expr": "hclcache_cache_size_current{ kubernetes_namespace=~\"$namespace\", component=~\"$job\", kubernetes_pod_name=~\"$pod\", scope=\"local\", name=\"$cache\" }",
          "interval": "",
          "legendFormat": "current",
          "refId": "B"
        },
        {
          "exemplar": true,
          "expr": "hclcache_cache_size_current_max{ kubernetes_namespace=~\"$namespace\", component=~\"$job\", kubernetes_pod_name=~\"$pod\", scope=\"local\", name=\"$cache\" }",
          "interval": "",
          "legendFormat": "scaled_max",
          "refId": "C"
        }
      ],
      "thresholds": [],
      "timeFrom": null,
      "timeRegions": [],
      "timeShift": null,
      "title": "Local Cache Size in Entries",
      "tooltip": {
        "shared": true,
        "sort": 0,
        "value_type": "individual"
      },
      "type": "graph",
      "xaxis": {
        "buckets": null,
        "mode": "time",
        "name": null,
        "show": true,
        "values": []
      },
      "yaxes": [
        {
          "format": "short",
          "label": null,
          "logBase": 1,
          "max": null,
          "min": "0",
          "show": true
        },
        {
          "format": "short",
          "label": null,
          "logBase": 1,
          "max": null,
          "min": null,
          "show": true
        }
      ],
      "yaxis": {
        "align": false,
        "alignLevel": null
      }
    },
    {
      "datasource": "${DS_PROMETHEUS}",
      "fieldConfig": {
        "defaults": {
          "decimals": 0,
          "mappings": [],
          "thresholds": {
            "mode": "absolute",
            "steps": [
              {
                "color": "semi-dark-green",
                "value": null
              },
              {
                "color": "red",
                "value": 0.9
              }
            ]
          },
          "unit": "percentunit"
        },
        "overrides": []
      },
      "gridPos": {
        "h": 7,
        "w": 3,
        "x": 11,
        "y": 3
      },
      "id": 320,
      "options": {
        "colorMode": "value",
        "graphMode": "area",
        "justifyMode": "auto",
        "orientation": "auto",
        "reduceOptions": {
          "calcs": [
            "mean"
          ],
          "fields": "",
          "values": false
        },
        "text": {},
        "textMode": "auto"
      },
      "pluginVersion": "7.5.5",
      "scopedVars": {
        "cache": {
          "selected": true,
          "text": "baseCache",
          "value": "baseCache"
        }
      },
      "targets": [
        {
          "exemplar": true,
          "expr": "hclcache_cache_size_current{ kubernetes_namespace=~\"$namespace\", component=~\"$job\", kubernetes_pod_name=~\"$pod\", scope=\"local\", name=\"$cache\" } / hclcache_cache_size_max{ kubernetes_namespace=~\"$namespace\", component=~\"$job\", kubernetes_pod_name=~\"$pod\", scope=\"local\", name=\"$cache\" }",
          "interval": "",
          "legendFormat": "",
          "refId": "A"
        }
      ],
      "timeFrom": null,
      "timeShift": null,
      "title": "% Used in Entries",
      "type": "stat"
    },
    {
      "aliasColors": {},
      "bars": false,
      "dashLength": 10,
      "dashes": false,
      "datasource": "${DS_PROMETHEUS}",
      "fieldConfig": {
        "defaults": {
          "links": []
        },
        "overrides": []
      },
      "fill": 1,
      "fillGradient": 0,
      "gridPos": {
        "h": 7,
        "w": 11,
        "x": 0,
        "y": 10
      },
      "hiddenSeries": false,
      "id": 169,
      "interval": "",
      "legend": {
        "avg": false,
        "current": false,
        "max": false,
        "min": false,
        "show": true,
        "total": false,
        "values": false
      },
      "lines": true,
      "linewidth": 1,
      "nullPointMode": "null",
      "options": {
        "alertThreshold": true
      },
      "percentage": false,
      "pluginVersion": "7.5.5",
      "pointradius": 2,
      "points": false,
      "renderer": "flot",
      "scopedVars": {
        "cache": {
          "selected": true,
          "text": "baseCache",
          "value": "baseCache"
        }
      },
      "seriesOverrides": [],
      "spaceLength": 10,
      "stack": false,
      "steppedLine": false,
      "targets": [
        {
          "exemplar": true,
          "expr": "hclcache_cache_size_mb_max{ kubernetes_namespace=~\"$namespace\", component=~\"$job\", kubernetes_pod_name=~\"$pod\", scope=\"local\", name=\"$cache\" }",
          "hide": false,
          "interval": "",
          "legendFormat": "max",
          "refId": "A"
        },
        {
          "exemplar": true,
          "expr": "hclcache_cache_size_mb_current{ kubernetes_namespace=~\"$namespace\", component=~\"$job\", kubernetes_pod_name=~\"$pod\", scope=\"local\", name=\"$cache\" }",
          "interval": "",
          "legendFormat": "current",
          "refId": "B"
        },
        {
          "exemplar": true,
          "expr": "hclcache_cache_size_mb_current_max{ kubernetes_namespace=~\"$namespace\", component=~\"$job\", kubernetes_pod_name=~\"$pod\", scope=\"local\", name=\"$cache\" }",
          "interval": "",
          "legendFormat": "scaled_max",
          "refId": "C"
        }
      ],
      "thresholds": [],
      "timeFrom": null,
      "timeRegions": [],
      "timeShift": null,
      "title": "Local Cache Size in Mb",
      "tooltip": {
        "shared": true,
        "sort": 0,
        "value_type": "individual"
      },
      "type": "graph",
      "xaxis": {
        "buckets": null,
        "mode": "time",
        "name": null,
        "show": true,
        "values": []
      },
      "yaxes": [
        {
          "format": "short",
          "label": null,
          "logBase": 1,
          "max": null,
          "min": "0",
          "show": true
        },
        {
          "format": "short",
          "label": null,
          "logBase": 1,
          "max": null,
          "min": null,
          "show": true
        }
      ],
      "yaxis": {
        "align": false,
        "alignLevel": null
      }
    },
    {
      "datasource": "${DS_PROMETHEUS}",
      "fieldConfig": {
        "defaults": {
          "decimals": 0,
          "mappings": [],
          "thresholds": {
            "mode": "absolute",
            "steps": [
              {
                "color": "semi-dark-green",
                "value": null
              },
              {
                "color": "red",
                "value": 0.9
              }
            ]
          },
          "unit": "percentunit"
        },
        "overrides": []
      },
      "gridPos": {
        "h": 7,
        "w": 3,
        "x": 11,
        "y": 10
      },
      "id": 321,
      "options": {
        "colorMode": "value",
        "graphMode": "area",
        "justifyMode": "auto",
        "orientation": "auto",
        "reduceOptions": {
          "calcs": [
            "mean"
          ],
          "fields": "",
          "values": false
        },
        "text": {},
        "textMode": "auto"
      },
      "pluginVersion": "7.5.5",
      "scopedVars": {
        "cache": {
          "selected": true,
          "text": "baseCache",
          "value": "baseCache"
        }
      },
      "targets": [
        {
          "exemplar": true,
          "expr": "hclcache_cache_size_mb_current{ kubernetes_namespace=~\"$namespace\", component=~\"$job\", kubernetes_pod_name=~\"$pod\", scope=\"local\", name=\"$cache\" } / hclcache_cache_size_mb_max{ kubernetes_namespace=~\"$namespace\", component=~\"$job\", kubernetes_pod_name=~\"$pod\", scope=\"local\", name=\"$cache\" }",
          "interval": "",
          "legendFormat": "",
          "refId": "A"
        }
      ],
      "timeFrom": null,
      "timeShift": null,
      "title": "% Used in Mb",
      "type": "stat"
    },
    {
      "aliasColors": {},
      "bars": false,
      "dashLength": 10,
      "dashes": false,
      "datasource": "${DS_PROMETHEUS}",
      "fieldConfig": {
        "defaults": {
          "links": []
        },
        "overrides": []
      },
      "fill": 1,
      "fillGradient": 0,
      "gridPos": {
        "h": 7,
        "w": 11,
        "x": 0,
        "y": 17
      },
      "hiddenSeries": false,
      "id": 315,
      "interval": "",
      "legend": {
        "avg": false,
        "current": false,
        "max": false,
        "min": false,
        "show": true,
        "total": false,
        "values": false
      },
      "lines": true,
      "linewidth": 1,
      "nullPointMode": "null",
      "options": {
        "alertThreshold": true
      },
      "percentage": false,
      "pluginVersion": "7.5.5",
      "pointradius": 2,
      "points": false,
      "renderer": "flot",
      "scopedVars": {
        "cache": {
          "selected": true,
          "text": "baseCache",
          "value": "baseCache"
        }
      },
      "seriesOverrides": [],
      "spaceLength": 10,
      "stack": false,
      "steppedLine": false,
      "targets": [
        {
          "exemplar": true,
          "expr": "sum by (result) (rate(hclcache_cache_gets_total{ kubernetes_namespace=~\"$namespace\", component=~\"$job\", kubernetes_pod_name=~\"$pod\", scope=\"local\", name=\"$cache\"}[5m]))",
          "hide": false,
          "interval": "",
          "legendFormat": "{{result}}",
          "refId": "A"
        }
      ],
      "thresholds": [],
      "timeFrom": null,
      "timeRegions": [],
      "timeShift": null,
      "title": "Local Cache Get Hit / Miss per sec",
      "tooltip": {
        "shared": true,
        "sort": 0,
        "value_type": "individual"
      },
      "type": "graph",
      "xaxis": {
        "buckets": null,
        "mode": "time",
        "name": null,
        "show": true,
        "values": []
      },
      "yaxes": [
        {
          "format": "short",
          "label": null,
          "logBase": 1,
          "max": null,
          "min": "0",
          "show": true
        },
        {
          "format": "short",
          "label": null,
          "logBase": 1,
          "max": null,
          "min": null,
          "show": true
        }
      ],
      "yaxis": {
        "align": false,
        "alignLevel": null
      }
    },
    {
      "datasource": "${DS_PROMETHEUS}",
      "fieldConfig": {
        "defaults": {
          "decimals": 0,
          "mappings": [],
          "thresholds": {
            "mode": "absolute",
            "steps": [
              {
                "color": "dark-red",
                "value": null
              },
              {
                "color": "semi-dark-green",
                "value": 0.7
              }
            ]
          },
          "unit": "percentunit"
        },
        "overrides": []
      },
      "gridPos": {
        "h": 7,
        "w": 3,
        "x": 11,
        "y": 17
      },
      "id": 317,
      "interval": "",
      "options": {
        "colorMode": "value",
        "graphMode": "area",
        "justifyMode": "auto",
        "orientation": "auto",
        "reduceOptions": {
          "calcs": [
            "mean"
          ],
          "fields": "",
          "values": false
        },
        "text": {},
        "textMode": "auto"
      },
      "pluginVersion": "7.5.5",
      "scopedVars": {
        "cache": {
          "selected": true,
          "text": "baseCache",
          "value": "baseCache"
        }
      },
      "targets": [
        {
          "exemplar": true,
          "expr": "sum(rate(hclcache_cache_gets_total{ kubernetes_namespace=~\"$namespace\", component=~\"$job\", kubernetes_pod_name=~\"$pod\", scope=\"local\", name=\"$cache\", result=\"hit\"}[2m])) / (sum(rate(hclcache_cache_gets_total{ kubernetes_namespace=~\"$namespace\", component=~\"$job\", kubernetes_pod_name=~\"$pod\", scope=\"local\", name=\"$cache\"}[2m])))",
          "hide": false,
          "instant": false,
          "interval": "",
          "legendFormat": "hit ratio",
          "refId": "A"
        }
      ],
      "timeFrom": null,
      "timeShift": null,
      "title": "Local Cache Get Hit Ratios",
      "type": "stat"
    },
    {
      "aliasColors": {},
      "bars": false,
      "dashLength": 10,
      "dashes": false,
      "datasource": "${DS_PROMETHEUS}",
      "fieldConfig": {
        "defaults": {
          "links": []
        },
        "overrides": []
      },
      "fill": 1,
      "fillGradient": 0,
      "gridPos": {
        "h": 7,
        "w": 8,
        "x": 0,
        "y": 24
      },
      "hiddenSeries": false,
      "id": 314,
      "interval": "",
      "legend": {
        "avg": false,
        "current": false,
        "max": false,
        "min": false,
        "show": true,
        "total": false,
        "values": false
      },
      "lines": true,
      "linewidth": 1,
      "nullPointMode": "null",
      "options": {
        "alertThreshold": true
      },
      "percentage": false,
      "pluginVersion": "7.5.5",
      "pointradius": 2,
      "points": false,
      "renderer": "flot",
      "scopedVars": {
        "cache": {
          "selected": true,
          "text": "baseCache",
          "value": "baseCache"
        }
      },
      "seriesOverrides": [],
      "spaceLength": 10,
      "stack": false,
      "steppedLine": false,
      "targets": [
        {
          "exemplar": true,
          "expr": "sum(rate(hclcache_cache_removes_total{ kubernetes_namespace=~\"$namespace\", component=~\"$job\", kubernetes_pod_name=~\"$pod\", scope=\"local\", name=\"$cache\" }[5m]))",
          "hide": false,
          "interval": "",
          "legendFormat": "removes",
          "refId": "A"
        },
        {
          "exemplar": true,
          "expr": "rate(hclcache_cache_clears_total{ kubernetes_namespace=~\"$namespace\", component=~\"$job\", kubernetes_pod_name=~\"$pod\", scope=\"local\", name=\"$cache\" }[5m])",
          "interval": "",
          "legendFormat": "clear",
          "refId": "C"
        },
        {
          "exemplar": true,
          "expr": "sum(rate(hclcache_cache_gets_total{ kubernetes_namespace=~\"$namespace\", component=~\"$job\", kubernetes_pod_name=~\"$pod\", scope=\"local\", name=\"$cache\" }[5m]))",
          "interval": "",
          "legendFormat": "get",
          "refId": "D"
        },
        {
          "exemplar": true,
          "expr": "rate(hclcache_cache_invalidates_total{ kubernetes_namespace=~\"$namespace\", component=~\"$job\", kubernetes_pod_name=~\"$pod\", scope=\"local\", name=\"$cache\" }[5m])",
          "interval": "",
          "legendFormat": "invalidate",
          "refId": "E"
        },
        {
          "exemplar": true,
          "expr": "sum(rate(hclcache_cache_puts_total{ kubernetes_namespace=~\"$namespace\", component=~\"$job\", kubernetes_pod_name=~\"$pod\", scope=\"local\", name=\"$cache\" }[5m])) ",
          "interval": "",
          "legendFormat": "put",
          "refId": "F"
        }
      ],
      "thresholds": [],
      "timeFrom": null,
      "timeRegions": [],
      "timeShift": null,
      "title": "Local Cache Operations per sec",
      "tooltip": {
        "shared": true,
        "sort": 0,
        "value_type": "individual"
      },
      "type": "graph",
      "xaxis": {
        "buckets": null,
        "mode": "time",
        "name": null,
        "show": true,
        "values": []
      },
      "yaxes": [
        {
          "format": "short",
          "label": null,
          "logBase": 1,
          "max": null,
          "min": "0",
          "show": true
        },
        {
          "format": "short",
          "label": null,
          "logBase": 1,
          "max": null,
          "min": null,
          "show": true
        }
      ],
      "yaxis": {
        "align": false,
        "alignLevel": null
      }
    },
    {
      "aliasColors": {},
      "bars": false,
      "dashLength": 10,
      "dashes": false,
      "datasource": "${DS_PROMETHEUS}",
      "fieldConfig": {
        "defaults": {
          "links": []
        },
        "overrides": []
      },
      "fill": 1,
      "fillGradient": 0,
      "gridPos": {
        "h": 7,
        "w": 6,
        "x": 8,
        "y": 24
      },
      "hiddenSeries": false,
      "id": 318,
      "interval": "",
      "legend": {
        "avg": false,
        "current": false,
        "max": false,
        "min": false,
        "show": true,
        "total": false,
        "values": false
      },
      "lines": true,
      "linewidth": 1,
      "nullPointMode": "null",
      "options": {
        "alertThreshold": true
      },
      "percentage": false,
      "pluginVersion": "7.5.5",
      "pointradius": 2,
      "points": false,
      "renderer": "flot",
      "scopedVars": {
        "cache": {
          "selected": true,
          "text": "baseCache",
          "value": "baseCache"
        }
      },
      "seriesOverrides": [],
      "spaceLength": 10,
      "stack": false,
      "steppedLine": false,
      "targets": [
        {
          "exemplar": true,
          "expr": "sum(rate(hclcache_cache_removals_expiry_total{ kubernetes_namespace=~\"$namespace\", component=~\"$job\", kubernetes_pod_name=~\"$pod\", scope=\"local\", name=\"$cache\" }[5m]))",
          "hide": false,
          "interval": "",
          "legendFormat": "expiry",
          "refId": "A"
        },
        {
          "exemplar": true,
          "expr": "rate(hclcache_cache_removals_explicit_total{ kubernetes_namespace=~\"$namespace\", component=~\"$job\", kubernetes_pod_name=~\"$pod\", scope=\"local\", name=\"$cache\" }[5m])",
          "interval": "",
          "legendFormat": "explicit",
          "refId": "C"
        },
        {
          "exemplar": true,
          "expr": "sum(rate(hclcache_cache_removals_inactivity_total{ kubernetes_namespace=~\"$namespace\", component=~\"$job\", kubernetes_pod_name=~\"$pod\", scope=\"local\", name=\"$cache\" }[5m]))",
          "interval": "",
          "legendFormat": "inactivity",
          "refId": "D"
        },
        {
          "exemplar": true,
          "expr": "rate(hclcache_cache_removals_lru_total{ kubernetes_namespace=~\"$namespace\", component=~\"$job\", kubernetes_pod_name=~\"$pod\", scope=\"local\", name=\"$cache\" }[5m])",
          "interval": "",
          "legendFormat": "lru",
          "refId": "E"
        }
      ],
      "thresholds": [],
      "timeFrom": null,
      "timeRegions": [],
      "timeShift": null,
      "title": "Local Cache Internal Removals  per sec",
      "tooltip": {
        "shared": true,
        "sort": 0,
        "value_type": "individual"
      },
      "type": "graph",
      "xaxis": {
        "buckets": null,
        "mode": "time",
        "name": null,
        "show": true,
        "values": []
      },
      "yaxes": [
        {
          "format": "short",
          "label": null,
          "logBase": 1,
          "max": null,
          "min": "0",
          "show": true
        },
        {
          "format": "short",
          "label": null,
          "logBase": 1,
          "max": null,
          "min": null,
          "show": true
        }
      ],
      "yaxis": {
        "align": false,
        "alignLevel": null
      }
    }
  ],
  "refresh": false,
  "schemaVersion": 27,
  "style": "dark",
  "tags": [
    "hcl-cache",
    "hcl"
  ],
  "templating": {
    "list": [
      {
        "current": {
          "selected": false,
          "text": "Prometheus",
          "value": "Prometheus"
        },
        "description": null,
        "error": null,
        "hide": 0,
        "includeAll": false,
        "label": "Prometheus",
        "multi": false,
        "name": "DS_PROMETHEUS",
        "options": [],
        "query": "prometheus",
        "refresh": 1,
        "regex": "",
        "skipUrlSync": false,
        "type": "datasource"
      },
      {
        "allValue": null,
        "current": {
          "selected": false,
          "text": "c8braucjf2nnsdd85h10",
          "value": "c8braucjf2nnsdd85h10"
        },
        "datasource": "${DS_PROMETHEUS}",
        "definition": "label_values(hclcache_cache_size_max, kubernetes_namespace)",
        "description": null,
        "error": null,
        "hide": 0,
        "includeAll": false,
        "label": "namespace",
        "multi": false,
        "name": "namespace",
        "options": [],
        "query": {
          "query": "label_values(hclcache_cache_size_max, kubernetes_namespace)",
          "refId": "StandardVariableQuery"
        },
        "refresh": 2,
        "regex": "",
        "skipUrlSync": false,
        "sort": 1,
        "tagValuesQuery": "",
        "tags": [],
        "tagsQuery": "",
        "type": "query",
        "useTags": false
      },
      {
        "allValue": ".*",
        "current": {
          "selected": true,
          "text": [
            "All"
          ],
          "value": [
            "$__all"
          ]
        },
        "datasource": "${DS_PROMETHEUS}",
        "definition": "label_values(hclcache_cache_size_max{kubernetes_namespace=~\"$namespace\"}, component)",
        "description": null,
        "error": null,
        "hide": 0,
        "includeAll": true,
        "label": "deployment",
        "multi": true,
        "name": "job",
        "options": [],
        "query": {
          "query": "label_values(hclcache_cache_size_max{kubernetes_namespace=~\"$namespace\"}, component)",
          "refId": "StandardVariableQuery"
        },
        "refresh": 2,
        "regex": "",
        "skipUrlSync": false,
        "sort": 0,
        "tagValuesQuery": "",
        "tags": [],
        "tagsQuery": "",
        "type": "query",
        "useTags": false
      },
      {
        "allValue": ".*",
        "current": {
          "selected": false,
          "text": "comdemoauthcache-app-6f8c8568df-78wnd",
          "value": "comdemoauthcache-app-6f8c8568df-78wnd"
        },
        "datasource": "${DS_PROMETHEUS}",
        "definition": "label_values(hclcache_cache_size_max{kubernetes_namespace=~\"$namespace\",component=~\"$job\"}, kubernetes_pod_name)",
        "description": null,
        "error": null,
        "hide": 0,
        "includeAll": false,
        "label": "pod",
        "multi": false,
        "name": "pod",
        "options": [],
        "query": {
          "query": "label_values(hclcache_cache_size_max{kubernetes_namespace=~\"$namespace\",component=~\"$job\"}, kubernetes_pod_name)",
          "refId": "StandardVariableQuery"
        },
        "refresh": 2,
        "regex": "",
        "skipUrlSync": false,
        "sort": 0,
        "tagValuesQuery": "",
        "tags": [],
        "tagsQuery": "",
        "type": "query",
        "useTags": false
      },
      {
        "allValue": ".*",
        "current": {
          "selected": true,
          "text": [
            "baseCache"
          ],
          "value": [
            "baseCache"
          ]
        },
        "datasource": "${DS_PROMETHEUS}",
        "definition": "label_values(hclcache_cache_size_max{ kubernetes_namespace=~\"$namespace\", component=~\"$job\",kubernetes_pod_name=\"$pod\"},name)",
        "description": null,
        "error": null,
        "hide": 0,
        "includeAll": true,
        "label": "cache",
        "multi": true,
        "name": "cache",
        "options": [],
        "query": {
          "query": "label_values(hclcache_cache_size_max{ kubernetes_namespace=~\"$namespace\", component=~\"$job\",kubernetes_pod_name=\"$pod\"},name)",
          "refId": "StandardVariableQuery"
        },
        "refresh": 2,
        "regex": "",
        "skipUrlSync": false,
        "sort": 2,
        "tagValuesQuery": "",
        "tags": [],
        "tagsQuery": "",
        "type": "query",
        "useTags": false
      }
    ]
  },
  "time": {
    "from": "now-5m",
    "to": "now"
  },
  "timepicker": {
    "refresh_intervals": [
      "5s",
      "10s",
      "30s",
      "1m",
      "5m",
      "15m",
      "30m",
      "1h",
      "2h",
      "1d"
    ]
  },
  "timezone": "",
  "title": "HCL Cache - Local Cache Details",
  "uid": "hcl_cache_local_details",
  "version": 919
}