{
  "annotations": {
    "list": [
      {
        "builtIn": 1,
        "datasource": "-- Grafana --",
        "enable": true,
        "hide": true,
        "iconColor": "rgba(0, 211, 255, 1)",
        "name": "Annotations & Alerts",
        "type": "dashboard"
      }
    ]
  },
  "editable": true,
  "gnetId": null,
  "graphTooltip": 0,
  "id": 21,
  "iteration": 1645805827487,
  "links": [],
  "panels": [
    {
      "datasource": "${DS_PROMETHEUS}",
      "description": "",
      "fieldConfig": {
        "defaults": {},
        "overrides": []
      },
      "gridPos": {
        "h": 7,
        "w": 24,
        "x": 0,
        "y": 0
      },
      "id": 35,
      "options": {
        "content": "After the first ingest is done, an elasticsearch index \"run\" would be created.\nPlease do the following setup after your first ingest is done to view nifi statistics.\n\nAdd an elasticsearch datasource\n   1) Click on the configuration icon (with a wheel picture) on the side \n   2) Choose \"Data Sources\"\n   3) Click on \"Add data source\"\n   4) Type in \"Elasticsearch\" in the search field\n   5) Click on the returned \"Elasticsearch\" icon\n   6) Fill in the name of index (e.g. Elasticsearch)\n   7) Under section \"HTTP\", fill in the field \"URL\" with your elasticsearch domain and port              \n      something like http://elasticsearch-master.es.svc.cluster.local:9200/)      \n\t  The domain and port number could be changed based on the user deployment.\n   8) Under section \"Elastic details\", fill in the fields/choose the options as follows:                      \n\t\t(a) Index name : run   \n\t\t(b) Pattern : No pattern   \n\t\t(c) Time field name : date   \n\t\t(d) Version : 7.0+\n   9)Click on \"Save & Test\" button at the end of the page.          \n     Ensure the connection succeeds before the dashboard would work properly.\n\n     Note: The ingest panels only show the data for auth.reindex and live.reindex",
        "mode": "markdown"
      },
      "pluginVersion": "7.5.5",
      "timeFrom": null,
      "timeShift": null,
      "title": "Setup for Elasticsearch datasource to access the ingest data",
      "type": "text"
    },
    {
      "collapsed": false,
      "datasource": "${DS_PROMETHEUS}",
      "gridPos": {
        "h": 1,
        "w": 24,
        "x": 0,
        "y": 7
      },
      "id": 26,
      "panels": [],
      "title": "Ingest Metrics",
      "type": "row"
    },
    {
      "datasource": "$es_datasource",
      "fieldConfig": {
        "defaults": {
          "custom": {
            "align": null,
            "filterable": false
          },
          "mappings": [],
          "thresholds": {
            "mode": "absolute",
            "steps": [
              {
                "color": "green",
                "value": null
              },
              {
                "color": "red",
                "value": 80
              }
            ]
          }
        },
        "overrides": [
          {
            "matcher": {
              "id": "byName",
              "options": "Write Failure"
            },
            "properties": [
              {
                "id": "custom.width",
                "value": 217
              },
              {
                "id": "thresholds",
                "value": {
                  "mode": "absolute",
                  "steps": [
                    {
                      "color": "green",
                      "value": null
                    },
                    {
                      "color": "red",
                      "value": 1
                    }
                  ]
                }
              },
              {
                "id": "custom.displayMode",
                "value": "color-text"
              }
            ]
          }
        ]
      },
      "gridPos": {
        "h": 7,
        "w": 24,
        "x": 0,
        "y": 8
      },
      "id": 31,
      "options": {
        "frameIndex": 1,
        "showHeader": true,
        "sortBy": [
          {
            "desc": true,
            "displayName": "Write Success"
          }
        ]
      },
      "pluginVersion": "7.5.5",
      "targets": [
        {
          "alias": "Write Success",
          "bucketAggs": [
            {
              "fake": true,
              "field": "stage",
              "id": "4",
              "settings": {
                "min_doc_count": "1",
                "order": "desc",
                "orderBy": "_term",
                "size": "0"
              },
              "type": "terms"
            },
            {
              "field": "group",
              "id": "2",
              "settings": {
                "min_doc_count": "1",
                "order": "desc",
                "orderBy": "_term",
                "size": "0"
              },
              "type": "terms"
            }
          ],
          "hide": false,
          "metrics": [
            {
              "field": "value.numeric",
              "id": "1",
              "meta": {},
              "settings": {},
              "type": "min"
            }
          ],
          "query": "connector: $connector AND run: $runId  AND group: Create* AND name: \"Write Success\"",
          "refId": "B",
          "timeField": "date"
        },
        {
          "bucketAggs": [
            {
              "fake": true,
              "field": "stage",
              "id": "3",
              "settings": {
                "min_doc_count": "1",
                "order": "desc",
                "orderBy": "_term",
                "size": "0"
              },
              "type": "terms"
            },
            {
              "field": "group",
              "id": "2",
              "settings": {
                "min_doc_count": "1",
                "order": "desc",
                "orderBy": "_term",
                "size": "0"
              },
              "type": "terms"
            }
          ],
          "hide": false,
          "metrics": [
            {
              "field": "value.numeric",
              "id": "1",
              "meta": {},
              "settings": {},
              "type": "max"
            }
          ],
          "query": "connector: $connector AND run: $runId AND group: Create* AND name: \"Write Failure\"",
          "refId": "C",
          "timeField": "date"
        }
      ],
      "timeFrom": null,
      "timeShift": null,
      "title": "Created Document Counters",
      "transformations": [
        {
          "id": "merge",
          "options": {}
        },
        {
          "id": "organize",
          "options": {
            "excludeByName": {},
            "indexByName": {},
            "renameByName": {
              "Max": "Write Failure",
              "Min": "Write Success",
              "Sum": "Count"
            }
          }
        }
      ],
      "type": "table"
    },
    {
      "datasource": "$es_datasource",
      "fieldConfig": {
        "defaults": {
          "custom": {
            "align": null,
            "filterable": false
          },
          "mappings": [],
          "thresholds": {
            "mode": "absolute",
            "steps": [
              {
                "color": "green",
                "value": null
              },
              {
                "color": "red",
                "value": 80
              }
            ]
          }
        },
        "overrides": [
          {
            "matcher": {
              "id": "byName",
              "options": "Write Failure"
            },
            "properties": [
              {
                "id": "custom.width",
                "value": 217
              },
              {
                "id": "thresholds",
                "value": {
                  "mode": "absolute",
                  "steps": [
                    {
                      "color": "green",
                      "value": null
                    },
                    {
                      "color": "red",
                      "value": 1
                    }
                  ]
                }
              },
              {
                "id": "custom.displayMode",
                "value": "color-text"
              }
            ]
          }
        ]
      },
      "gridPos": {
        "h": 7,
        "w": 24,
        "x": 0,
        "y": 15
      },
      "id": 33,
      "options": {
        "frameIndex": 1,
        "showHeader": true,
        "sortBy": [
          {
            "desc": true,
            "displayName": "Write Success"
          }
        ]
      },
      "pluginVersion": "7.5.5",
      "targets": [
        {
          "alias": "Write Success",
          "bucketAggs": [
            {
              "fake": true,
              "field": "stage",
              "id": "4",
              "settings": {
                "min_doc_count": "1",
                "order": "desc",
                "orderBy": "_term",
                "size": "0"
              },
              "type": "terms"
            },
            {
              "field": "group",
              "id": "2",
              "settings": {
                "min_doc_count": "1",
                "order": "desc",
                "orderBy": "_term",
                "size": "0"
              },
              "type": "terms"
            }
          ],
          "hide": false,
          "metrics": [
            {
              "field": "value.numeric",
              "id": "1",
              "meta": {},
              "settings": {},
              "type": "min"
            }
          ],
          "query": "connector: $connector AND run: $runId  AND NOT group: Create* AND name: \"Write Success\"",
          "refId": "B",
          "timeField": "date"
        },
        {
          "bucketAggs": [
            {
              "fake": true,
              "field": "stage",
              "id": "3",
              "settings": {
                "min_doc_count": "1",
                "order": "desc",
                "orderBy": "_term",
                "size": "0"
              },
              "type": "terms"
            },
            {
              "field": "group",
              "id": "2",
              "settings": {
                "min_doc_count": "1",
                "order": "desc",
                "orderBy": "_term",
                "size": "0"
              },
              "type": "terms"
            }
          ],
          "hide": false,
          "metrics": [
            {
              "field": "value.numeric",
              "id": "1",
              "meta": {},
              "settings": {},
              "type": "max"
            }
          ],
          "query": "connector: $connector AND run: $runId AND NOT group: Create* AND name: \"Write Failure\"",
          "refId": "C",
          "timeField": "date"
        }
      ],
      "timeFrom": null,
      "timeShift": null,
      "title": "Updated Document Counters ",
      "transformations": [
        {
          "id": "merge",
          "options": {}
        },
        {
          "id": "organize",
          "options": {
            "excludeByName": {},
            "indexByName": {},
            "renameByName": {
              "Max": "Write Failure",
              "Min": "Write Success",
              "Sum": "Count"
            }
          }
        }
      ],
      "type": "table"
    },
    {
      "datasource": "$es_datasource",
      "fieldConfig": {
        "defaults": {
          "custom": {
            "align": null,
            "filterable": false
          },
          "mappings": [],
          "thresholds": {
            "mode": "absolute",
            "steps": [
              {
                "color": "green",
                "value": null
              },
              {
                "color": "red",
                "value": 80
              }
            ]
          }
        },
        "overrides": [
          {
            "matcher": {
              "id": "byName",
              "options": "Start Time"
            },
            "properties": [
              {
                "id": "unit",
                "value": "dateTimeAsUS"
              }
            ]
          },
          {
            "matcher": {
              "id": "byName",
              "options": "End Time"
            },
            "properties": [
              {
                "id": "unit",
                "value": "dateTimeAsUS"
              }
            ]
          }
        ]
      },
      "gridPos": {
        "h": 7,
        "w": 24,
        "x": 0,
        "y": 22
      },
      "id": 30,
      "options": {
        "frameIndex": 1,
        "showHeader": true,
        "sortBy": [
          {
            "desc": false,
            "displayName": "stage"
          }
        ]
      },
      "pluginVersion": "7.5.5",
      "targets": [
        {
          "alias": "Created Document Counter",
          "bucketAggs": [
            {
              "fake": true,
              "field": "stage",
              "id": "4",
              "settings": {
                "min_doc_count": "1",
                "order": "desc",
                "orderBy": "_term",
                "size": "0"
              },
              "type": "terms"
            },
            {
              "field": "group",
              "id": "2",
              "settings": {
                "min_doc_count": "1",
                "order": "desc",
                "orderBy": "_term",
                "size": "0"
              },
              "type": "terms"
            }
          ],
          "hide": false,
          "metrics": [
            {
              "field": "value.numeric",
              "id": "1",
              "meta": {},
              "settings": {},
              "type": "avg"
            }
          ],
          "query": "connector: $connector AND  run: $runId AND name: \"Cumulative Elapsed Time\"",
          "refId": "A",
          "timeField": "date"
        },
        {
          "bucketAggs": [
            {
              "fake": true,
              "field": "stage",
              "id": "3",
              "settings": {
                "min_doc_count": "1",
                "order": "desc",
                "orderBy": "_term",
                "size": "0"
              },
              "type": "terms"
            },
            {
              "field": "group",
              "id": "2",
              "settings": {
                "min_doc_count": "1",
                "order": "desc",
                "orderBy": "_term",
                "size": "0"
              },
              "type": "terms"
            }
          ],
          "metrics": [
            {
              "field": "value.numeric",
              "id": "1",
              "inlineScript": null,
              "meta": {},
              "settings": {},
              "type": "min"
            }
          ],
          "query": "connector: $connector AND  run: $runId AND name: \"Absolute Start Time\"",
          "refId": "B",
          "timeField": "date"
        },
        {
          "bucketAggs": [
            {
              "fake": true,
              "field": "stage",
              "id": "3",
              "settings": {
                "min_doc_count": "1",
                "order": "desc",
                "orderBy": "_term",
                "size": "0"
              },
              "type": "terms"
            },
            {
              "field": "group",
              "id": "2",
              "settings": {
                "min_doc_count": "1",
                "order": "desc",
                "orderBy": "_term",
                "size": "0"
              },
              "type": "terms"
            }
          ],
          "metrics": [
            {
              "field": "value.numeric",
              "id": "1",
              "meta": {},
              "settings": {},
              "type": "max"
            }
          ],
          "query": "connector: $connector AND  run: $runId AND name: \"Absolute End Time\"",
          "refId": "C",
          "timeField": "date"
        }
      ],
      "timeFrom": null,
      "timeShift": null,
      "title": " Elapsed Time",
      "transformations": [
        {
          "id": "merge",
          "options": {}
        },
        {
          "id": "organize",
          "options": {
            "excludeByName": {},
            "indexByName": {},
            "renameByName": {
              "Average": "Elapsed Time (ms)",
              "Max": "End Time",
              "Min": "Start Time"
            }
          }
        }
      ],
      "type": "table"
    },
    {
      "collapsed": true,
      "datasource": "${DS_PROMETHEUS}",
      "gridPos": {
        "h": 1,
        "w": 24,
        "x": 0,
        "y": 29
      },
      "id": 9,
      "panels": [
        {
          "aliasColors": {},
          "bars": false,
          "dashLength": 10,
          "dashes": false,
          "datasource": "${DS_PROMETHEUS}",
          "fieldConfig": {
            "defaults": {
              "links": []
            },
            "overrides": []
          },
          "fill": 10,
          "fillGradient": 0,
          "gridPos": {
            "h": 8,
            "w": 12,
            "x": 0,
            "y": 9
          },
          "hiddenSeries": false,
          "id": 11,
          "interval": "",
          "legend": {
            "avg": false,
            "current": false,
            "max": false,
            "min": false,
            "show": true,
            "total": false,
            "values": false
          },
          "lines": true,
          "linewidth": 0,
          "links": [],
          "nullPointMode": "null as zero",
          "options": {
            "alertThreshold": true
          },
          "percentage": false,
          "pluginVersion": "7.5.5",
          "pointradius": 5,
          "points": false,
          "renderer": "flot",
          "scopedVars": {
            "nifipod": {
              "selected": true,
              "text": "comdemonifi-app-54b7cc7946-mcnvh",
              "value": "comdemonifi-app-54b7cc7946-mcnvh"
            }
          },
          "seriesOverrides": [
            {
              "alias": "requests",
              "color": "#F2495C",
              "fill": 0,
              "hideTooltip": true,
              "legend": true,
              "linewidth": 2,
              "stack": false
            },
            {
              "alias": "limits",
              "color": "#FF9830",
              "fill": 0,
              "hideTooltip": true,
              "legend": true,
              "linewidth": 2,
              "stack": false
            }
          ],
          "spaceLength": 10,
          "stack": true,
          "steppedLine": false,
          "targets": [
            {
              "exemplar": true,
              "expr": "sum(rate(container_cpu_usage_seconds_total{pod=~\"$nifipod\",container=\"nifi-app\"}[5m])) by (pod)",
              "format": "time_series",
              "hide": false,
              "interval": "",
              "intervalFactor": 2,
              "legendFormat": "nifi-app",
              "legendLink": null,
              "refId": "A",
              "step": 10
            },
            {
              "exemplar": true,
              "expr": "kube_pod_container_resource_requests_cpu_cores{pod=\"$nifipod\"}\n",
              "format": "time_series",
              "hide": false,
              "interval": "",
              "intervalFactor": 2,
              "legendFormat": "requests",
              "legendLink": null,
              "refId": "B",
              "step": 10
            },
            {
              "exemplar": true,
              "expr": "kube_pod_container_resource_limits_cpu_cores{pod=\"$nifipod\"}\n",
              "format": "time_series",
              "hide": false,
              "interval": "",
              "intervalFactor": 2,
              "legendFormat": "limits",
              "legendLink": null,
              "refId": "C",
              "step": 10
            }
          ],
          "thresholds": [],
          "timeFrom": null,
          "timeRegions": [],
          "timeShift": null,
          "title": "CPU Usage",
          "tooltip": {
            "shared": false,
            "sort": 0,
            "value_type": "individual"
          },
          "type": "graph",
          "xaxis": {
            "buckets": null,
            "mode": "time",
            "name": null,
            "show": true,
            "values": []
          },
          "yaxes": [
            {
              "format": "short",
              "label": null,
              "logBase": 1,
              "max": null,
              "min": 0,
              "show": true
            },
            {
              "format": "short",
              "label": null,
              "logBase": 1,
              "max": null,
              "min": null,
              "show": false
            }
          ],
          "yaxis": {
            "align": false,
            "alignLevel": null
          }
        },
        {
          "aliasColors": {},
          "bars": false,
          "dashLength": 10,
          "dashes": false,
          "datasource": "${DS_PROMETHEUS}",
          "fieldConfig": {
            "defaults": {
              "links": []
            },
            "overrides": []
          },
          "fill": 10,
          "fillGradient": 0,
          "gridPos": {
            "h": 8,
            "w": 12,
            "x": 12,
            "y": 9
          },
          "hiddenSeries": false,
          "id": 13,
          "interval": "",
          "legend": {
            "avg": false,
            "current": false,
            "max": false,
            "min": false,
            "show": false,
            "total": false,
            "values": false
          },
          "lines": true,
          "linewidth": 0,
          "links": [],
          "nullPointMode": "null as zero",
          "options": {
            "alertThreshold": true
          },
          "percentage": false,
          "pluginVersion": "7.5.5",
          "pointradius": 5,
          "points": false,
          "renderer": "flot",
          "scopedVars": {
            "nifipod": {
              "selected": true,
              "text": "comdemonifi-app-54b7cc7946-mcnvh",
              "value": "comdemonifi-app-54b7cc7946-mcnvh"
            }
          },
          "seriesOverrides": [],
          "spaceLength": 10,
          "stack": true,
          "steppedLine": false,
          "targets": [
            {
              "expr": "sum(increase(container_cpu_cfs_throttled_periods_total{pod=\"$nifipod\", container=\"nifi-app\"}[5m])) /sum(increase(container_cpu_cfs_periods_total{pod=\"$nifipod\", container=\"nifi-app\"}[5m])) ",
              "format": "time_series",
              "hide": false,
              "interval": "",
              "intervalFactor": 2,
              "legendFormat": "",
              "legendLink": null,
              "refId": "A",
              "step": 10
            }
          ],
          "thresholds": [
            {
              "colorMode": "critical",
              "fill": true,
              "line": true,
              "op": "gt",
              "value": 0.25,
              "yaxis": "left"
            }
          ],
          "timeFrom": null,
          "timeRegions": [],
          "timeShift": null,
          "title": "CPU Throttling ",
          "tooltip": {
            "shared": false,
            "sort": 0,
            "value_type": "individual"
          },
          "type": "graph",
          "xaxis": {
            "buckets": null,
            "mode": "time",
            "name": null,
            "show": true,
            "values": []
          },
          "yaxes": [
            {
              "format": "percentunit",
              "label": null,
              "logBase": 1,
              "max": null,
              "min": 0,
              "show": true
            },
            {
              "format": "short",
              "label": null,
              "logBase": 1,
              "max": null,
              "min": null,
              "show": false
            }
          ],
          "yaxis": {
            "align": false,
            "alignLevel": null
          }
        },
        {
          "aliasColors": {},
          "bars": false,
          "dashLength": 10,
          "dashes": false,
          "datasource": "${DS_PROMETHEUS}",
          "fieldConfig": {
            "defaults": {
              "links": []
            },
            "overrides": []
          },
          "fill": 1,
          "fillGradient": 0,
          "gridPos": {
            "h": 7,
            "w": 24,
            "x": 0,
            "y": 17
          },
          "hiddenSeries": false,
          "id": 15,
          "legend": {
            "avg": false,
            "current": false,
            "max": false,
            "min": false,
            "show": true,
            "total": false,
            "values": false
          },
          "lines": true,
          "linewidth": 1,
          "nullPointMode": "null",
          "options": {
            "alertThreshold": true
          },
          "percentage": false,
          "pluginVersion": "7.5.5",
          "pointradius": 2,
          "points": false,
          "renderer": "flot",
          "scopedVars": {
            "nifipod": {
              "selected": true,
              "text": "comdemonifi-app-54b7cc7946-mcnvh",
              "value": "comdemonifi-app-54b7cc7946-mcnvh"
            }
          },
          "seriesOverrides": [
            {
              "alias": "requests",
              "color": "#F2495C",
              "fill": 0,
              "hideTooltip": true,
              "legend": false,
              "linewidth": 2,
              "stack": false
            },
            {
              "alias": "limits",
              "color": "#FF9830",
              "fill": 0,
              "hideTooltip": true,
              "legend": false,
              "linewidth": 2,
              "stack": false
            }
          ],
          "spaceLength": 10,
          "stack": false,
          "steppedLine": false,
          "targets": [
            {
              "expr": "sum(container_memory_working_set_bytes{ pod=\"$nifipod\", container!=\"POD\", container!=\"\"}) by (container)",
              "interval": "",
              "legendFormat": "working set",
              "refId": "A"
            },
            {
              "expr": "sum(kube_pod_container_resource_requests_memory_bytes{pod=\"$nifipod\"})",
              "interval": "",
              "intervalFactor": 2,
              "legendFormat": "requests",
              "refId": "B"
            },
            {
              "expr": "sum(kube_pod_container_resource_limits_memory_bytes{pod=\"$nifipod\"})",
              "interval": "",
              "intervalFactor": 2,
              "legendFormat": "limits",
              "refId": "C"
            },
            {
              "expr": "sum(container_memory_cache{ pod=\"$nifipod\", container!=\"POD\", container!=\"\"}) by (container)",
              "interval": "",
              "legendFormat": "cache",
              "refId": "D"
            },
            {
              "expr": "sum(container_memory_swap{ pod=\"$nifipod\", container!=\"POD\", container!=\"\"}) by (container)",
              "interval": "",
              "legendFormat": "swap",
              "refId": "E"
            }
          ],
          "thresholds": [],
          "timeFrom": null,
          "timeRegions": [],
          "timeShift": null,
          "title": "Memory Usage",
          "tooltip": {
            "shared": true,
            "sort": 0,
            "value_type": "individual"
          },
          "type": "graph",
          "xaxis": {
            "buckets": null,
            "mode": "time",
            "name": null,
            "show": true,
            "values": []
          },
          "yaxes": [
            {
              "decimals": null,
              "format": "short",
              "label": null,
              "logBase": 1,
              "max": null,
              "min": "0",
              "show": true
            },
            {
              "format": "short",
              "label": null,
              "logBase": 1,
              "max": null,
              "min": null,
              "show": true
            }
          ],
          "yaxis": {
            "align": false,
            "alignLevel": null
          }
        },
        {
          "aliasColors": {},
          "bars": false,
          "dashLength": 10,
          "dashes": false,
          "datasource": "${DS_PROMETHEUS}",
          "fieldConfig": {
            "defaults": {
              "links": []
            },
            "overrides": []
          },
          "fill": 1,
          "fillGradient": 0,
          "gridPos": {
            "h": 10,
            "w": 12,
            "x": 0,
            "y": 24
          },
          "hiddenSeries": false,
          "id": 19,
          "legend": {
            "alignAsTable": false,
            "avg": false,
            "current": false,
            "max": false,
            "min": false,
            "rightSide": false,
            "show": true,
            "total": false,
            "values": false
          },
          "lines": true,
          "linewidth": 1,
          "nullPointMode": "null",
          "options": {
            "alertThreshold": true
          },
          "percentage": false,
          "pluginVersion": "7.5.5",
          "pointradius": 2,
          "points": false,
          "renderer": "flot",
          "scopedVars": {
            "nifipod": {
              "selected": true,
              "text": "comdemonifi-app-54b7cc7946-mcnvh",
              "value": "comdemonifi-app-54b7cc7946-mcnvh"
            }
          },
          "seriesOverrides": [],
          "spaceLength": 10,
          "stack": false,
          "steppedLine": false,
          "targets": [
            {
              "expr": "sum(rate(container_fs_reads_bytes_total{pod=\"$nifipod\", container =\"nifi-app\"}[5m])) by (device)",
              "hide": false,
              "interval": "",
              "legendFormat": "{{device}}",
              "refId": "B"
            }
          ],
          "thresholds": [],
          "timeFrom": null,
          "timeRegions": [],
          "timeShift": null,
          "title": "Disk I/O - reads",
          "tooltip": {
            "shared": true,
            "sort": 0,
            "value_type": "individual"
          },
          "type": "graph",
          "xaxis": {
            "buckets": null,
            "mode": "time",
            "name": null,
            "show": true,
            "values": []
          },
          "yaxes": [
            {
              "decimals": null,
              "format": "short",
              "label": null,
              "logBase": 1,
              "max": null,
              "min": "0",
              "show": true
            },
            {
              "format": "short",
              "label": null,
              "logBase": 1,
              "max": null,
              "min": null,
              "show": true
            }
          ],
          "yaxis": {
            "align": false,
            "alignLevel": null
          }
        },
        {
          "aliasColors": {},
          "bars": false,
          "dashLength": 10,
          "dashes": false,
          "datasource": "${DS_PROMETHEUS}",
          "fieldConfig": {
            "defaults": {
              "links": []
            },
            "overrides": []
          },
          "fill": 1,
          "fillGradient": 0,
          "gridPos": {
            "h": 10,
            "w": 12,
            "x": 12,
            "y": 24
          },
          "hiddenSeries": false,
          "id": 20,
          "legend": {
            "alignAsTable": false,
            "avg": false,
            "current": false,
            "max": false,
            "min": false,
            "rightSide": false,
            "show": true,
            "total": false,
            "values": false
          },
          "lines": true,
          "linewidth": 1,
          "nullPointMode": "null",
          "options": {
            "alertThreshold": true
          },
          "percentage": false,
          "pluginVersion": "7.5.5",
          "pointradius": 2,
          "points": false,
          "renderer": "flot",
          "scopedVars": {
            "nifipod": {
              "selected": true,
              "text": "comdemonifi-app-54b7cc7946-mcnvh",
              "value": "comdemonifi-app-54b7cc7946-mcnvh"
            }
          },
          "seriesOverrides": [],
          "spaceLength": 10,
          "stack": false,
          "steppedLine": false,
          "targets": [
            {
              "expr": "sum(rate(container_fs_writes_bytes_total{pod=\"$nifipod\", container =\"nifi-app\"}[5m])) by (device)",
              "interval": "",
              "legendFormat": "{{device}}",
              "refId": "A"
            }
          ],
          "thresholds": [],
          "timeFrom": null,
          "timeRegions": [],
          "timeShift": null,
          "title": "Disk I/O - writes",
          "tooltip": {
            "shared": true,
            "sort": 0,
            "value_type": "individual"
          },
          "type": "graph",
          "xaxis": {
            "buckets": null,
            "mode": "time",
            "name": null,
            "show": true,
            "values": []
          },
          "yaxes": [
            {
              "decimals": null,
              "format": "short",
              "label": null,
              "logBase": 1,
              "max": null,
              "min": "0",
              "show": true
            },
            {
              "format": "short",
              "label": null,
              "logBase": 1,
              "max": null,
              "min": null,
              "show": true
            }
          ],
          "yaxis": {
            "align": false,
            "alignLevel": null
          }
        }
      ],
      "repeat": "nifipod",
      "scopedVars": {
        "nifipod": {
          "selected": true,
          "text": "comdemonifi-app-54b7cc7946-mcnvh",
          "value": "comdemonifi-app-54b7cc7946-mcnvh"
        }
      },
      "title": "Container - $nifipod  System Metrics",
      "type": "row"
    }
  ],
  "refresh": false,
  "schemaVersion": 27,
  "style": "dark",
  "tags": [
    "hcl"
  ],
  "templating": {
    "list": [
      {
        "current": {
          "selected": false,
          "text": "Prometheus",
          "value": "Prometheus"
        },
        "description": null,
        "error": null,
        "hide": 0,
        "includeAll": false,
        "label": "Prometheus",
        "multi": false,
        "name": "DS_PROMETHEUS",
        "options": [],
        "query": "prometheus",
        "refresh": 1,
        "regex": "",
        "skipUrlSync": false,
        "type": "datasource"
      },
      {
        "allValue": null,
        "current": {
          "selected": false,
          "text": "comdemonifi-app-54b7cc7946-mcnvh",
          "value": "comdemonifi-app-54b7cc7946-mcnvh"
        },
        "datasource": "${DS_PROMETHEUS}",
        "definition": "label_values(kube_pod_container_resource_requests_cpu_cores{container=\"nifi-app\"},pod)",
        "description": null,
        "error": null,
        "hide": 2,
        "includeAll": false,
        "label": null,
        "multi": false,
        "name": "nifipod",
        "options": [],
        "query": {
          "query": "label_values(kube_pod_container_resource_requests_cpu_cores{container=\"nifi-app\"},pod)",
          "refId": "StandardVariableQuery"
        },
        "refresh": 2,
        "regex": "",
        "skipUrlSync": false,
        "sort": 0,
        "tagValuesQuery": "",
        "tags": [],
        "tagsQuery": "",
        "type": "query",
        "useTags": false
      },
      {
        "current": {
          "selected": false,
          "text": "Elasticsearch",
          "value": "Elasticsearch"
        },
        "description": null,
        "error": null,
        "hide": 0,
        "includeAll": false,
        "label": "connector",
        "multi": false,
        "name": "es_datasource",
        "options": [],
        "query": "elasticsearch",
        "queryValue": "",
        "refresh": 1,
        "regex": "",
        "skipUrlSync": false,
        "type": "datasource"
      },
      {
        "allValue": null,
        "current": {
          "selected": true,
          "text": "auth.reindex",
          "value": "auth.reindex"
        },
        "datasource": "$es_datasource",
        "definition": "{\"find\": \"terms\",  \"field\": \"connector\"}",
        "description": null,
        "error": null,
        "hide": 0,
        "includeAll": false,
        "label": "connector",
        "multi": false,
        "name": "connector",
        "options": [],
        "query": "{\"find\": \"terms\",  \"field\": \"connector\"}",
        "refresh": 2,
        "regex": "",
        "skipUrlSync": false,
        "sort": 1,
        "tagValuesQuery": "",
        "tags": [],
        "tagsQuery": "",
        "type": "query",
        "useTags": false
      },
      {
        "allValue": null,
        "current": {
          "selected": false,
          "text": "i-39b74097-2f0a-4166-b8cc-cbff7dbdcddd",
          "value": "i-39b74097-2f0a-4166-b8cc-cbff7dbdcddd"
        },
        "datasource": "$es_datasource",
        "definition": "{\"find\": \"terms\", \"field\": \"run\", \"query\": \"connector: $connector\"}",
        "description": null,
        "error": null,
        "hide": 0,
        "includeAll": false,
        "label": "runId",
        "multi": false,
        "name": "runId",
        "options": [],
        "query": "{\"find\": \"terms\", \"field\": \"run\", \"query\": \"connector: $connector\"}",
        "refresh": 2,
        "regex": "",
        "skipUrlSync": false,
        "sort": 1,
        "tagValuesQuery": "",
        "tags": [],
        "tagsQuery": "",
        "type": "query",
        "useTags": false
      }
    ]
  },
  "time": {
    "from": "now-24h",
    "to": "now"
  },
  "timepicker": {
    "refresh_intervals": [
      "10s",
      "30s",
      "1m",
      "5m",
      "15m",
      "30m",
      "1h",
      "2h",
      "1d"
    ]
  },
  "timezone": "",
  "title": "NiFi Performance",
  "uid": "hcl_ingest_performance",
  "version": 919
}