{
  "annotations": {
    "list": [
      {
        "builtIn": 1,
        "datasource": "-- Grafana --",
        "enable": true,
        "hide": true,
        "iconColor": "rgba(0, 211, 255, 1)",
        "name": "Annotations & Alerts",
        "target": {
          "limit": 100,
          "matchAny": false,
          "tags": [],
          "type": "dashboard"
        },
        "type": "dashboard"
      }
    ]
  },
  "editable": true,
  "gnetId": null,
  "graphTooltip": 0,
  "id": 36,
  "iteration": 1646230735870,
  "links": [],
  "panels": [
    {
      "collapsed": true,
      "datasource": "${DS_PROMETHEUS}",
      "gridPos": {
        "h": 1,
        "w": 24,
        "x": 0,
        "y": 0
      },
      "id": 373,
      "panels": [
        {
          "datasource": "${DS_PROMETHEUS}",
          "description": "",
          "fieldConfig": {
            "defaults": {
              "mappings": [],
              "thresholds": {
                "mode": "absolute",
                "steps": [
                  {
                    "color": "green",
                    "value": null
                  }
                ]
              }
            },
            "overrides": []
          },
          "gridPos": {
            "h": 2,
            "w": 8,
            "x": 0,
            "y": 1
          },
          "id": 390,
          "options": {
            "colorMode": "value",
            "graphMode": "none",
            "justifyMode": "auto",
            "orientation": "auto",
            "reduceOptions": {
              "calcs": [
                "last"
              ],
              "fields": "/^image$/",
              "values": false
            },
            "text": {},
            "textMode": "value"
          },
          "pluginVersion": "7.5.5",
          "targets": [
            {
              "exemplar": true,
              "expr": "count (kube_pod_container_info{ kubernetes_namespace=~\"$namespace\", container=\"ts-app\", pod=~\"$job.*\"}) by (image) \r",
              "format": "table",
              "instant": false,
              "interval": "",
              "legendFormat": "",
              "refId": "A"
            }
          ],
          "timeFrom": null,
          "timeShift": null,
          "title": "Image",
          "transparent": true,
          "type": "stat"
        },
        {
          "aliasColors": {},
          "bars": false,
          "dashLength": 10,
          "dashes": false,
          "datasource": "${DS_PROMETHEUS}",
          "description": "",
          "fieldConfig": {
            "defaults": {
              "links": []
            },
            "overrides": []
          },
          "fill": 1,
          "fillGradient": 0,
          "gridPos": {
            "h": 9,
            "w": 8,
            "x": 8,
            "y": 1
          },
          "hiddenSeries": false,
          "id": 394,
          "interval": "",
          "legend": {
            "alignAsTable": false,
            "avg": false,
            "current": false,
            "max": false,
            "min": false,
            "rightSide": false,
            "show": true,
            "total": false,
            "values": false
          },
          "lines": true,
          "linewidth": 1,
          "nullPointMode": "null",
          "options": {
            "alertThreshold": true
          },
          "percentage": false,
          "pluginVersion": "7.5.5",
          "pointradius": 2,
          "points": false,
          "renderer": "flot",
          "seriesOverrides": [],
          "spaceLength": 10,
          "stack": false,
          "steppedLine": false,
          "targets": [
            {
              "exemplar": true,
              "expr": "sum(rate(request_rest_status_total{ kubernetes_namespace=~\"$namespace\", component=~\"$job\", kubernetes_pod_name=~\"$pod\", resource=~\"$resource\", http_status=~\"$http_status\" }[2m]))  by (http_status)",
              "hide": false,
              "interval": "",
              "legendFormat": "{{http_status}}",
              "refId": "A"
            }
          ],
          "thresholds": [],
          "timeFrom": null,
          "timeRegions": [],
          "timeShift": null,
          "title": "Requests Status - per second",
          "tooltip": {
            "shared": true,
            "sort": 2,
            "value_type": "individual"
          },
          "type": "graph",
          "xaxis": {
            "buckets": null,
            "mode": "time",
            "name": null,
            "show": true,
            "values": []
          },
          "yaxes": [
            {
              "$$hashKey": "object:1611",
              "format": "short",
              "label": null,
              "logBase": 1,
              "max": null,
              "min": "0",
              "show": true
            },
            {
              "$$hashKey": "object:1612",
              "format": "short",
              "label": null,
              "logBase": 1,
              "max": null,
              "min": null,
              "show": true
            }
          ],
          "yaxis": {
            "align": false,
            "alignLevel": null
          }
        },
        {
          "aliasColors": {},
          "bars": false,
          "dashLength": 10,
          "dashes": false,
          "datasource": "${DS_PROMETHEUS}",
          "description": "",
          "fieldConfig": {
            "defaults": {
              "links": []
            },
            "overrides": []
          },
          "fill": 1,
          "fillGradient": 0,
          "gridPos": {
            "h": 9,
            "w": 8,
            "x": 16,
            "y": 1
          },
          "hiddenSeries": false,
          "id": 371,
          "legend": {
            "alignAsTable": false,
            "avg": false,
            "current": false,
            "max": false,
            "min": false,
            "rightSide": false,
            "show": true,
            "total": false,
            "values": false
          },
          "lines": true,
          "linewidth": 1,
          "nullPointMode": "null",
          "options": {
            "alertThreshold": true
          },
          "percentage": false,
          "pluginVersion": "7.5.5",
          "pointradius": 2,
          "points": false,
          "renderer": "flot",
          "seriesOverrides": [],
          "spaceLength": 10,
          "stack": false,
          "steppedLine": false,
          "targets": [
            {
              "exemplar": true,
              "expr": "sum(rate(request_rest_seconds_sum{ kubernetes_namespace=~\"$namespace\", component=~\"$job\", kubernetes_pod_name=~\"$pod\", resource=~\"$resource\"} [2m])) by (component) / sum(rate(request_rest_seconds_count{ kubernetes_namespace=~\"$namespace\", component=~\"$job\", kubernetes_pod_name=~\"$pod\", resource=~\"$resource\"} [2m])) by (component)",
              "interval": "",
              "legendFormat": "{{component}}",
              "refId": "A"
            }
          ],
          "thresholds": [],
          "timeFrom": null,
          "timeRegions": [],
          "timeShift": null,
          "title": "Average Response Times",
          "tooltip": {
            "shared": true,
            "sort": 0,
            "value_type": "individual"
          },
          "type": "graph",
          "xaxis": {
            "buckets": null,
            "mode": "time",
            "name": null,
            "show": true,
            "values": []
          },
          "yaxes": [
            {
              "$$hashKey": "object:1667",
              "format": "s",
              "label": null,
              "logBase": 1,
              "max": null,
              "min": null,
              "show": true
            },
            {
              "$$hashKey": "object:1668",
              "format": "short",
              "label": null,
              "logBase": 1,
              "max": null,
              "min": null,
              "show": true
            }
          ],
          "yaxis": {
            "align": false,
            "alignLevel": null
          }
        },
        {
          "datasource": "${DS_PROMETHEUS}",
          "description": "",
          "fieldConfig": {
            "defaults": {
              "mappings": [],
              "thresholds": {
                "mode": "absolute",
                "steps": [
                  {
                    "color": "red",
                    "value": null
                  },
                  {
                    "color": "green",
                    "value": 1
                  }
                ]
              }
            },
            "overrides": [
              {
                "matcher": {
                  "id": "byName",
                  "options": "unavailable"
                },
                "properties": [
                  {
                    "id": "thresholds",
                    "value": {
                      "mode": "absolute",
                      "steps": [
                        {
                          "color": "green",
                          "value": null
                        },
                        {
                          "color": "red",
                          "value": 1
                        }
                      ]
                    }
                  }
                ]
              }
            ]
          },
          "gridPos": {
            "h": 7,
            "w": 8,
            "x": 0,
            "y": 3
          },
          "id": 383,
          "options": {
            "colorMode": "value",
            "graphMode": "area",
            "justifyMode": "auto",
            "orientation": "auto",
            "reduceOptions": {
              "calcs": [
                "last"
              ],
              "fields": "",
              "values": false
            },
            "text": {},
            "textMode": "auto"
          },
          "pluginVersion": "7.5.5",
          "targets": [
            {
              "exemplar": true,
              "expr": "kube_deployment_status_replicas_available{  kubernetes_namespace=~\"$namespace\", deployment=~\"$job\"   }  ",
              "format": "time_series",
              "instant": false,
              "interval": "",
              "legendFormat": "available",
              "refId": "A"
            },
            {
              "exemplar": true,
              "expr": "kube_deployment_status_replicas_unavailable{  kubernetes_namespace=~\"$namespace\", deployment=~\"$job\" }",
              "instant": false,
              "interval": "",
              "legendFormat": "unavailable",
              "refId": "B"
            }
          ],
          "timeFrom": null,
          "timeShift": null,
          "title": "ts-app pods",
          "type": "stat"
        }
      ],
      "title": "Summary",
      "type": "row"
    },
    {
      "collapsed": true,
      "datasource": "${DS_PROMETHEUS}",
      "gridPos": {
        "h": 1,
        "w": 24,
        "x": 0,
        "y": 1
      },
      "id": 389,
      "panels": [
        {
          "aliasColors": {},
          "bars": false,
          "dashLength": 10,
          "dashes": false,
          "datasource": "${DS_PROMETHEUS}",
          "fieldConfig": {
            "defaults": {
              "links": []
            },
            "overrides": []
          },
          "fill": 1,
          "fillGradient": 0,
          "gridPos": {
            "h": 9,
            "w": 8,
            "x": 0,
            "y": 2
          },
          "hiddenSeries": false,
          "id": 380,
          "legend": {
            "avg": false,
            "current": false,
            "max": false,
            "min": false,
            "rightSide": false,
            "show": true,
            "total": false,
            "values": false
          },
          "lines": true,
          "linewidth": 1,
          "nullPointMode": "null",
          "options": {
            "alertThreshold": true
          },
          "percentage": false,
          "pluginVersion": "7.5.5",
          "pointradius": 2,
          "points": false,
          "renderer": "flot",
          "seriesOverrides": [],
          "spaceLength": 10,
          "stack": false,
          "steppedLine": false,
          "targets": [
            {
              "exemplar": true,
              "expr": "sum(jvm_memory_used_bytes{kubernetes_namespace=~\"$namespace\", component=~\"$job\", kubernetes_pod_name=~\"$pod\", area=\"heap\"}) by (kubernetes_pod_name)",
              "interval": "",
              "intervalFactor": 2,
              "legendFormat": "{{kubernetes_pod_name}}",
              "refId": "A"
            },
            {
              "exemplar": true,
              "expr": "sum(jvm_memory_committed_bytes{kubernetes_namespace=~\"$namespace\", component=~\"$job\", kubernetes_pod_name=~\"$pod\", area=\"heap\"})  ",
              "hide": true,
              "interval": "",
              "intervalFactor": 2,
              "legendFormat": "committed",
              "refId": "B"
            },
            {
              "exemplar": true,
              "expr": "max(jvm_memory_max_bytes{kubernetes_namespace=~\"$namespace\", component=~\"$job\", kubernetes_pod_name=~\"$pod\", area=\"heap\"})",
              "hide": true,
              "instant": false,
              "interval": "",
              "intervalFactor": 2,
              "legendFormat": "max",
              "refId": "C"
            }
          ],
          "thresholds": [],
          "timeFrom": null,
          "timeRegions": [],
          "timeShift": null,
          "title": "Used JVM Heap",
          "tooltip": {
            "shared": true,
            "sort": 0,
            "value_type": "individual"
          },
          "type": "graph",
          "xaxis": {
            "buckets": null,
            "mode": "time",
            "name": null,
            "show": true,
            "values": []
          },
          "yaxes": [
            {
              "format": "decbytes",
              "label": null,
              "logBase": 1,
              "max": null,
              "min": "0",
              "show": true
            },
            {
              "format": "short",
              "label": null,
              "logBase": 1,
              "max": null,
              "min": null,
              "show": true
            }
          ],
          "yaxis": {
            "align": false,
            "alignLevel": null
          }
        },
        {
          "aliasColors": {},
          "bars": false,
          "dashLength": 10,
          "dashes": false,
          "datasource": "${DS_PROMETHEUS}",
          "fieldConfig": {
            "defaults": {},
            "overrides": []
          },
          "fill": 2,
          "fillGradient": 0,
          "gridPos": {
            "h": 9,
            "w": 8,
            "x": 8,
            "y": 2
          },
          "hiddenSeries": false,
          "id": 377,
          "legend": {
            "avg": false,
            "current": false,
            "max": false,
            "min": false,
            "show": true,
            "total": false,
            "values": false
          },
          "lines": true,
          "linewidth": 2,
          "links": [],
          "nullPointMode": "null as zero",
          "options": {
            "alertThreshold": true
          },
          "percentage": false,
          "pluginVersion": "7.5.5",
          "pointradius": 5,
          "points": false,
          "renderer": "flot",
          "seriesOverrides": [
            {
              "alias": "quota - requests",
              "color": "#F2495C",
              "dashes": true,
              "fill": 0,
              "hideTooltip": true,
              "legend": false,
              "linewidth": 2,
              "stack": false
            },
            {
              "alias": "quota - limits",
              "color": "#FF9830",
              "dashes": true,
              "fill": 0,
              "hideTooltip": true,
              "legend": false,
              "linewidth": 2,
              "stack": false
            }
          ],
          "spaceLength": 10,
          "stack": false,
          "steppedLine": false,
          "targets": [
            {
              "exemplar": true,
              "expr": "sum(rate(container_cpu_usage_seconds_total{namespace=\"$namespace\",pod=~\"$pod\",container=\"ts-app\"}[5m])) by (pod)",
              "hide": false,
              "interval": "",
              "legendFormat": "{{pod}}",
              "refId": "D"
            }
          ],
          "thresholds": [],
          "timeFrom": null,
          "timeRegions": [],
          "timeShift": null,
          "title": "CPU Usage",
          "tooltip": {
            "shared": false,
            "sort": 0,
            "value_type": "individual"
          },
          "type": "graph",
          "xaxis": {
            "buckets": null,
            "mode": "time",
            "name": null,
            "show": true,
            "values": []
          },
          "yaxes": [
            {
              "format": "short",
              "label": null,
              "logBase": 1,
              "max": null,
              "min": 0,
              "show": true
            },
            {
              "format": "short",
              "label": null,
              "logBase": 1,
              "max": null,
              "min": null,
              "show": false
            }
          ],
          "yaxis": {
            "align": false,
            "alignLevel": null
          }
        },
        {
          "aliasColors": {},
          "bars": false,
          "dashLength": 10,
          "dashes": false,
          "datasource": "${DS_PROMETHEUS}",
          "fieldConfig": {
            "defaults": {
              "unit": "percentunit"
            },
            "overrides": []
          },
          "fill": 10,
          "fillGradient": 0,
          "gridPos": {
            "h": 9,
            "w": 8,
            "x": 16,
            "y": 2
          },
          "hiddenSeries": false,
          "id": 407,
          "legend": {
            "avg": false,
            "current": true,
            "max": true,
            "min": false,
            "show": true,
            "total": false,
            "values": false
          },
          "lines": true,
          "linewidth": 0,
          "links": [],
          "nullPointMode": "null as zero",
          "options": {
            "alertThreshold": true
          },
          "percentage": false,
          "pluginVersion": "7.5.5",
          "pointradius": 5,
          "points": false,
          "renderer": "flot",
          "seriesOverrides": [],
          "spaceLength": 10,
          "stack": true,
          "steppedLine": false,
          "targets": [
            {
              "exemplar": true,
              "expr": "sum(increase(container_cpu_cfs_throttled_periods_total{namespace=\"$namespace\", pod=~\"$pod\", container=\"ts-app\"}[5m])) by (pod) /sum(increase(container_cpu_cfs_periods_total{namespace=\"$namespace\", pod=~\"$pod\", container=\"ts-app\"}[5m])) by (pod)",
              "format": "time_series",
              "interval": "",
              "intervalFactor": 2,
              "legendFormat": "{{pod}}",
              "legendLink": null,
              "refId": "A",
              "step": 10
            }
          ],
          "thresholds": [
            {
              "$$hashKey": "object:404",
              "colorMode": "critical",
              "fill": true,
              "line": true,
              "op": "gt",
              "value": 0.25,
              "yaxis": "left"
            }
          ],
          "timeFrom": null,
          "timeRegions": [],
          "timeShift": null,
          "title": "CPU Throttling",
          "tooltip": {
            "shared": false,
            "sort": 0,
            "value_type": "individual"
          },
          "type": "graph",
          "xaxis": {
            "buckets": null,
            "mode": "time",
            "name": null,
            "show": true,
            "values": []
          },
          "yaxes": [
            {
              "$$hashKey": "object:97",
              "format": "percentunit",
              "label": null,
              "logBase": 1,
              "max": 1,
              "min": 0,
              "show": true
            },
            {
              "$$hashKey": "object:98",
              "format": "short",
              "label": null,
              "logBase": 1,
              "max": null,
              "min": null,
              "show": false
            }
          ],
          "yaxis": {
            "align": false,
            "alignLevel": null
          }
        },
        {
          "aliasColors": {},
          "bars": false,
          "dashLength": 10,
          "dashes": false,
          "datasource": "${DS_PROMETHEUS}",
          "description": "",
          "fieldConfig": {
            "defaults": {
              "links": []
            },
            "overrides": []
          },
          "fill": 1,
          "fillGradient": 0,
          "gridPos": {
            "h": 9,
            "w": 8,
            "x": 0,
            "y": 11
          },
          "hiddenSeries": false,
          "id": 395,
          "legend": {
            "avg": false,
            "current": false,
            "max": false,
            "min": false,
            "rightSide": false,
            "show": true,
            "total": false,
            "values": false
          },
          "lines": true,
          "linewidth": 1,
          "nullPointMode": "null",
          "options": {
            "alertThreshold": true
          },
          "percentage": false,
          "pluginVersion": "7.5.5",
          "pointradius": 2,
          "points": false,
          "renderer": "flot",
          "seriesOverrides": [],
          "spaceLength": 10,
          "stack": false,
          "steppedLine": false,
          "targets": [
            {
              "exemplar": true,
              "expr": "max(threadpool_maximum_pool_size{ kubernetes_namespace=~\"$namespace\", component=~\"$job\", kubernetes_pod_name=~\"$pod\", pool=\"WebContainer\" })",
              "interval": "",
              "legendFormat": "max",
              "refId": "A"
            },
            {
              "exemplar": true,
              "expr": "sum( threadpool_active_pool_size{ kubernetes_namespace=~\"$namespace\", component=~\"$job\", kubernetes_pod_name=~\"$pod\",pool=\"WebContainer\"} ) by ( kubernetes_pod_name )",
              "interval": "",
              "legendFormat": "{{kubernetes_pod_name}} -  active",
              "refId": "C"
            }
          ],
          "thresholds": [],
          "timeFrom": null,
          "timeRegions": [],
          "timeShift": null,
          "title": "WebContainer Thread pool",
          "tooltip": {
            "shared": true,
            "sort": 0,
            "value_type": "individual"
          },
          "type": "graph",
          "xaxis": {
            "buckets": null,
            "mode": "time",
            "name": null,
            "show": true,
            "values": []
          },
          "yaxes": [
            {
              "format": "short",
              "label": null,
              "logBase": 1,
              "max": null,
              "min": "0",
              "show": true
            },
            {
              "format": "short",
              "label": null,
              "logBase": 1,
              "max": null,
              "min": null,
              "show": true
            }
          ],
          "yaxis": {
            "align": false,
            "alignLevel": null
          }
        },
        {
          "aliasColors": {},
          "bars": false,
          "dashLength": 10,
          "dashes": false,
          "datasource": "${DS_PROMETHEUS}",
          "fieldConfig": {
            "defaults": {
              "links": []
            },
            "overrides": []
          },
          "fill": 1,
          "fillGradient": 0,
          "gridPos": {
            "h": 9,
            "w": 8,
            "x": 8,
            "y": 11
          },
          "hiddenSeries": false,
          "id": 392,
          "legend": {
            "avg": false,
            "current": false,
            "max": false,
            "min": false,
            "rightSide": false,
            "show": true,
            "total": false,
            "values": false
          },
          "lines": true,
          "linewidth": 1,
          "nullPointMode": "null",
          "options": {
            "alertThreshold": true
          },
          "percentage": false,
          "pluginVersion": "7.5.5",
          "pointradius": 2,
          "points": false,
          "renderer": "flot",
          "seriesOverrides": [],
          "spaceLength": 10,
          "stack": false,
          "steppedLine": false,
          "targets": [
            {
              "exemplar": true,
              "expr": "max(datasource_maximum_pool_size{ kubernetes_namespace=~\"$namespace\", component=~\"$job\", kubernetes_pod_name=~\"$pod\" })",
              "interval": "",
              "legendFormat": "max",
              "refId": "A"
            },
            {
              "exemplar": true,
              "expr": "sum(datasource_current_pool_size{ kubernetes_namespace=~\"$namespace\", component=~\"$job\", kubernetes_pod_name=~\"$pod\" }) by ( kubernetes_pod_name )",
              "interval": "",
              "legendFormat": "{{kubernetes_pod_name}} - allocated",
              "refId": "B"
            },
            {
              "exemplar": true,
              "expr": "sum( datasource_current_pool_size{ kubernetes_namespace=~\"$namespace\", component=~\"$job\", kubernetes_pod_name=~\"$pod\" } - datasource_free_pool_size{ kubernetes_namespace=~\"$namespace\", component=~\"$job\", kubernetes_pod_name=~\"$pod\" }) by ( kubernetes_pod_name )",
              "interval": "",
              "legendFormat": "{{kubernetes_pod_name}} -  in-use",
              "refId": "C"
            }
          ],
          "thresholds": [],
          "timeFrom": null,
          "timeRegions": [],
          "timeShift": null,
          "title": "WCDataSource",
          "tooltip": {
            "shared": true,
            "sort": 0,
            "value_type": "individual"
          },
          "type": "graph",
          "xaxis": {
            "buckets": null,
            "mode": "time",
            "name": null,
            "show": true,
            "values": []
          },
          "yaxes": [
            {
              "format": "short",
              "label": null,
              "logBase": 1,
              "max": null,
              "min": "0",
              "show": true
            },
            {
              "format": "short",
              "label": null,
              "logBase": 1,
              "max": null,
              "min": null,
              "show": true
            }
          ],
          "yaxis": {
            "align": false,
            "alignLevel": null
          }
        }
      ],
      "title": "Resources and Pools",
      "type": "row"
    },
    {
      "collapsed": true,
      "datasource": "${DS_PROMETHEUS}",
      "gridPos": {
        "h": 1,
        "w": 24,
        "x": 0,
        "y": 2
      },
      "id": 387,
      "panels": [
        {
          "aliasColors": {},
          "bars": false,
          "dashLength": 10,
          "dashes": false,
          "datasource": "${DS_PROMETHEUS}",
          "description": "",
          "fieldConfig": {
            "defaults": {},
            "overrides": []
          },
          "fill": 1,
          "fillGradient": 0,
          "gridPos": {
            "h": 9,
            "w": 8,
            "x": 0,
            "y": 3
          },
          "hiddenSeries": false,
          "id": 375,
          "legend": {
            "avg": false,
            "current": false,
            "max": false,
            "min": false,
            "show": true,
            "total": false,
            "values": false
          },
          "lines": true,
          "linewidth": 1,
          "nullPointMode": "null",
          "options": {
            "alertThreshold": true
          },
          "percentage": false,
          "pluginVersion": "7.5.5",
          "pointradius": 2,
          "points": false,
          "renderer": "flot",
          "seriesOverrides": [],
          "spaceLength": 10,
          "stack": false,
          "steppedLine": false,
          "targets": [
            {
              "exemplar": true,
              "expr": "sum( rate(java_logging_messages_total{ kubernetes_namespace=~\"$namespace\", component=~\"$job\", kubernetes_pod_name=~\"$pod\" }[2m]) ) by ( level )",
              "interval": "",
              "legendFormat": "{{ level }}",
              "refId": "A"
            }
          ],
          "thresholds": [],
          "timeFrom": null,
          "timeRegions": [],
          "timeShift": null,
          "title": "Total Rate of Logging",
          "tooltip": {
            "shared": true,
            "sort": 0,
            "value_type": "individual"
          },
          "type": "graph",
          "xaxis": {
            "buckets": null,
            "mode": "time",
            "name": null,
            "show": true,
            "values": []
          },
          "yaxes": [
            {
              "format": "short",
              "label": null,
              "logBase": 1,
              "max": null,
              "min": "0",
              "show": true
            },
            {
              "format": "short",
              "label": null,
              "logBase": 1,
              "max": null,
              "min": null,
              "show": true
            }
          ],
          "yaxis": {
            "align": false,
            "alignLevel": null
          }
        },
        {
          "aliasColors": {},
          "bars": false,
          "dashLength": 10,
          "dashes": false,
          "datasource": "${DS_PROMETHEUS}",
          "description": "",
          "fieldConfig": {
            "defaults": {},
            "overrides": []
          },
          "fill": 1,
          "fillGradient": 0,
          "gridPos": {
            "h": 9,
            "w": 8,
            "x": 8,
            "y": 3
          },
          "hiddenSeries": false,
          "id": 384,
          "legend": {
            "avg": false,
            "current": false,
            "max": false,
            "min": false,
            "show": true,
            "total": false,
            "values": false
          },
          "lines": true,
          "linewidth": 1,
          "nullPointMode": "null",
          "options": {
            "alertThreshold": true
          },
          "percentage": false,
          "pluginVersion": "7.5.5",
          "pointradius": 2,
          "points": false,
          "renderer": "flot",
          "seriesOverrides": [],
          "spaceLength": 10,
          "stack": false,
          "steppedLine": false,
          "targets": [
            {
              "exemplar": true,
              "expr": "sum( rate(java_logging_messages_total{ kubernetes_namespace=~\"$namespace\", component=~\"$job\", kubernetes_pod_name=~\"$pod\", level=~\"SEVERE|WARNING\"}[2m]) ) by ( kubernetes_pod_name ) ",
              "interval": "",
              "legendFormat": " {{kubernetes_pod_name}} ",
              "refId": "A"
            }
          ],
          "thresholds": [],
          "timeFrom": null,
          "timeRegions": [],
          "timeShift": null,
          "title": "Rate of Warnings/Errors by Pod",
          "tooltip": {
            "shared": true,
            "sort": 0,
            "value_type": "individual"
          },
          "type": "graph",
          "xaxis": {
            "buckets": null,
            "mode": "time",
            "name": null,
            "show": true,
            "values": []
          },
          "yaxes": [
            {
              "format": "short",
              "label": null,
              "logBase": 1,
              "max": null,
              "min": "0",
              "show": true
            },
            {
              "format": "short",
              "label": null,
              "logBase": 1,
              "max": null,
              "min": null,
              "show": true
            }
          ],
          "yaxis": {
            "align": false,
            "alignLevel": null
          }
        },
        {
          "aliasColors": {},
          "bars": false,
          "dashLength": 10,
          "dashes": false,
          "datasource": "${DS_PROMETHEUS}",
          "description": "",
          "fieldConfig": {
            "defaults": {},
            "overrides": []
          },
          "fill": 1,
          "fillGradient": 0,
          "gridPos": {
            "h": 9,
            "w": 8,
            "x": 16,
            "y": 3
          },
          "hiddenSeries": false,
          "id": 385,
          "legend": {
            "avg": false,
            "current": false,
            "max": false,
            "min": false,
            "show": true,
            "total": false,
            "values": false
          },
          "lines": true,
          "linewidth": 1,
          "nullPointMode": "null",
          "options": {
            "alertThreshold": true
          },
          "percentage": false,
          "pluginVersion": "7.5.5",
          "pointradius": 2,
          "points": false,
          "renderer": "flot",
          "seriesOverrides": [],
          "spaceLength": 10,
          "stack": false,
          "steppedLine": false,
          "targets": [
            {
              "exemplar": true,
              "expr": "sum( rate(java_logging_messages_total{ kubernetes_namespace=~\"$namespace\", component=~\"$job\", kubernetes_pod_name=~\"$pod\", level=\"TRACE\"}[2m]) ) by ( kubernetes_pod_name ) ",
              "interval": "",
              "legendFormat": " {{kubernetes_pod_name}} ",
              "refId": "A"
            }
          ],
          "thresholds": [],
          "timeFrom": null,
          "timeRegions": [],
          "timeShift": null,
          "title": "Rate of Trace Messages by Pod",
          "tooltip": {
            "shared": true,
            "sort": 0,
            "value_type": "individual"
          },
          "type": "graph",
          "xaxis": {
            "buckets": null,
            "mode": "time",
            "name": null,
            "show": true,
            "values": []
          },
          "yaxes": [
            {
              "format": "short",
              "label": null,
              "logBase": 1,
              "max": null,
              "min": "0",
              "show": true
            },
            {
              "format": "short",
              "label": null,
              "logBase": 1,
              "max": null,
              "min": null,
              "show": true
            }
          ],
          "yaxis": {
            "align": false,
            "alignLevel": null
          }
        }
      ],
      "title": "Logging",
      "type": "row"
    },
    {
      "collapsed": true,
      "datasource": "${DS_PROMETHEUS}",
      "gridPos": {
        "h": 1,
        "w": 24,
        "x": 0,
        "y": 3
      },
      "id": 369,
      "panels": [
        {
          "aliasColors": {},
          "bars": false,
          "dashLength": 10,
          "dashes": false,
          "datasource": "${DS_PROMETHEUS}",
          "description": "",
          "fieldConfig": {
            "defaults": {
              "links": []
            },
            "overrides": []
          },
          "fill": 1,
          "fillGradient": 0,
          "gridPos": {
            "h": 10,
            "w": 8,
            "x": 0,
            "y": 4
          },
          "hiddenSeries": false,
          "id": 370,
          "interval": "",
          "legend": {
            "alignAsTable": false,
            "avg": false,
            "current": false,
            "max": false,
            "min": false,
            "rightSide": false,
            "show": false,
            "total": false,
            "values": false
          },
          "lines": true,
          "linewidth": 1,
          "nullPointMode": "null",
          "options": {
            "alertThreshold": true
          },
          "percentage": false,
          "pluginVersion": "7.5.5",
          "pointradius": 2,
          "points": false,
          "renderer": "flot",
          "seriesOverrides": [],
          "spaceLength": 10,
          "stack": true,
          "steppedLine": false,
          "targets": [
            {
              "exemplar": true,
              "expr": "sum(rate(request_rest_status_total{ kubernetes_namespace=~\"$namespace\", component=~\"$job\", kubernetes_pod_name=~\"$pod\", resource=~\"$resource\", http_status=~\"$http_status\"}[2m]))",
              "hide": false,
              "interval": "",
              "legendFormat": "",
              "refId": "A"
            }
          ],
          "thresholds": [],
          "timeFrom": null,
          "timeRegions": [],
          "timeShift": null,
          "title": "Total Calls (per second)",
          "tooltip": {
            "shared": true,
            "sort": 2,
            "value_type": "individual"
          },
          "type": "graph",
          "xaxis": {
            "buckets": null,
            "mode": "time",
            "name": null,
            "show": true,
            "values": []
          },
          "yaxes": [
            {
              "$$hashKey": "object:60",
              "format": "short",
              "label": null,
              "logBase": 1,
              "max": null,
              "min": "0",
              "show": true
            },
            {
              "$$hashKey": "object:61",
              "format": "short",
              "label": null,
              "logBase": 1,
              "max": null,
              "min": null,
              "show": true
            }
          ],
          "yaxis": {
            "align": false,
            "alignLevel": null
          }
        },
        {
          "aliasColors": {},
          "bars": false,
          "dashLength": 10,
          "dashes": false,
          "datasource": "${DS_PROMETHEUS}",
          "description": "",
          "fieldConfig": {
            "defaults": {
              "links": []
            },
            "overrides": []
          },
          "fill": 1,
          "fillGradient": 0,
          "gridPos": {
            "h": 10,
            "w": 8,
            "x": 8,
            "y": 4
          },
          "hiddenSeries": false,
          "id": 363,
          "interval": "",
          "legend": {
            "alignAsTable": false,
            "avg": false,
            "current": false,
            "max": false,
            "min": false,
            "rightSide": false,
            "show": true,
            "total": false,
            "values": false
          },
          "lines": true,
          "linewidth": 1,
          "nullPointMode": "null",
          "options": {
            "alertThreshold": true
          },
          "percentage": false,
          "pluginVersion": "7.5.5",
          "pointradius": 2,
          "points": false,
          "renderer": "flot",
          "seriesOverrides": [],
          "spaceLength": 10,
          "stack": false,
          "steppedLine": false,
          "targets": [
            {
              "exemplar": true,
              "expr": "sum(rate(request_rest_status_total{ kubernetes_namespace=~\"$namespace\", component=~\"$job\", kubernetes_pod_name=~\"$pod\", resource=~\"$resource\", http_status=~\"$http_status\" }[2m]))  by (http_status)",
              "hide": false,
              "interval": "",
              "legendFormat": "{{http_status}}",
              "refId": "A"
            }
          ],
          "thresholds": [],
          "timeFrom": null,
          "timeRegions": [],
          "timeShift": null,
          "title": "Status (per second)",
          "tooltip": {
            "shared": true,
            "sort": 2,
            "value_type": "individual"
          },
          "type": "graph",
          "xaxis": {
            "buckets": null,
            "mode": "time",
            "name": null,
            "show": true,
            "values": []
          },
          "yaxes": [
            {
              "$$hashKey": "object:1801",
              "format": "short",
              "label": null,
              "logBase": 1,
              "max": null,
              "min": "0",
              "show": true
            },
            {
              "$$hashKey": "object:1802",
              "format": "short",
              "label": null,
              "logBase": 1,
              "max": null,
              "min": null,
              "show": true
            }
          ],
          "yaxis": {
            "align": false,
            "alignLevel": null
          }
        },
        {
          "aliasColors": {},
          "bars": false,
          "dashLength": 10,
          "dashes": false,
          "datasource": "${DS_PROMETHEUS}",
          "fieldConfig": {
            "defaults": {
              "links": []
            },
            "overrides": []
          },
          "fill": 1,
          "fillGradient": 0,
          "gridPos": {
            "h": 11,
            "w": 16,
            "x": 0,
            "y": 14
          },
          "hiddenSeries": false,
          "id": 362,
          "interval": "",
          "legend": {
            "alignAsTable": true,
            "avg": false,
            "current": false,
            "max": false,
            "min": false,
            "rightSide": true,
            "show": true,
            "total": false,
            "values": false
          },
          "lines": true,
          "linewidth": 1,
          "nullPointMode": "null",
          "options": {
            "alertThreshold": true
          },
          "percentage": false,
          "pluginVersion": "7.5.5",
          "pointradius": 2,
          "points": false,
          "renderer": "flot",
          "seriesOverrides": [],
          "spaceLength": 10,
          "stack": true,
          "steppedLine": false,
          "targets": [
            {
              "exemplar": true,
              "expr": "sum(rate(request_rest_status_total{ kubernetes_namespace=~\"$namespace\", component=~\"$job\", kubernetes_pod_name=~\"$pod\", resource=~\"$resource\", http_status=~\"$http_status\"}[2m]))  by (resource)",
              "hide": false,
              "interval": "",
              "legendFormat": "{{resource}}",
              "refId": "A"
            }
          ],
          "thresholds": [],
          "timeFrom": null,
          "timeRegions": [],
          "timeShift": null,
          "title": "Total Calls by Resource (per second)",
          "tooltip": {
            "shared": true,
            "sort": 2,
            "value_type": "individual"
          },
          "type": "graph",
          "xaxis": {
            "buckets": null,
            "mode": "time",
            "name": null,
            "show": true,
            "values": []
          },
          "yaxes": [
            {
              "format": "short",
              "label": null,
              "logBase": 1,
              "max": null,
              "min": "0",
              "show": true
            },
            {
              "format": "short",
              "label": null,
              "logBase": 1,
              "max": null,
              "min": null,
              "show": true
            }
          ],
          "yaxis": {
            "align": false,
            "alignLevel": null
          }
        },
        {
          "aliasColors": {},
          "bars": false,
          "dashLength": 10,
          "dashes": false,
          "datasource": "${DS_PROMETHEUS}",
          "fieldConfig": {
            "defaults": {
              "links": []
            },
            "overrides": []
          },
          "fill": 1,
          "fillGradient": 0,
          "gridPos": {
            "h": 11,
            "w": 16,
            "x": 0,
            "y": 25
          },
          "hiddenSeries": false,
          "id": 367,
          "interval": "",
          "legend": {
            "alignAsTable": true,
            "avg": false,
            "current": false,
            "max": false,
            "min": false,
            "rightSide": true,
            "show": true,
            "total": false,
            "values": false
          },
          "lines": true,
          "linewidth": 1,
          "nullPointMode": "null",
          "options": {
            "alertThreshold": true
          },
          "percentage": false,
          "pluginVersion": "7.5.5",
          "pointradius": 2,
          "points": false,
          "renderer": "flot",
          "seriesOverrides": [],
          "spaceLength": 10,
          "stack": true,
          "steppedLine": false,
          "targets": [
            {
              "exemplar": true,
              "expr": "sum(increase(request_rest_status_total{ kubernetes_namespace=~\"$namespace\", component=~\"$job\", kubernetes_pod_name=~\"$pod\", resource=~\"$resource\", http_status=~\"$http_status\"}[2m]))  by (resource)",
              "hide": false,
              "interval": "",
              "legendFormat": "{{resource}}",
              "refId": "A"
            }
          ],
          "thresholds": [],
          "timeFrom": null,
          "timeRegions": [],
          "timeShift": null,
          "title": "Total Calls by Resource (Increase)",
          "tooltip": {
            "shared": true,
            "sort": 2,
            "value_type": "individual"
          },
          "type": "graph",
          "xaxis": {
            "buckets": null,
            "mode": "time",
            "name": null,
            "show": true,
            "values": []
          },
          "yaxes": [
            {
              "format": "short",
              "label": null,
              "logBase": 1,
              "max": null,
              "min": "0",
              "show": true
            },
            {
              "format": "short",
              "label": null,
              "logBase": 1,
              "max": null,
              "min": null,
              "show": true
            }
          ],
          "yaxis": {
            "align": false,
            "alignLevel": null
          }
        }
      ],
      "title": "REST Calls  - Executions",
      "type": "row"
    },
    {
      "collapsed": true,
      "datasource": "${DS_PROMETHEUS}",
      "gridPos": {
        "h": 1,
        "w": 24,
        "x": 0,
        "y": 4
      },
      "id": 365,
      "panels": [
        {
          "datasource": "${DS_PROMETHEUS}",
          "description": "",
          "fieldConfig": {
            "defaults": {
              "color": {
                "mode": "thresholds"
              },
              "mappings": [],
              "thresholds": {
                "mode": "absolute",
                "steps": [
                  {
                    "color": "green",
                    "value": null
                  },
                  {
                    "color": "red",
                    "value": 80
                  }
                ]
              },
              "unit": "s"
            },
            "overrides": []
          },
          "gridPos": {
            "h": 10,
            "w": 8,
            "x": 0,
            "y": 5
          },
          "id": 404,
          "options": {
            "colorMode": "value",
            "graphMode": "area",
            "justifyMode": "auto",
            "orientation": "auto",
            "reduceOptions": {
              "calcs": [
                "mean"
              ],
              "fields": "",
              "values": false
            },
            "text": {},
            "textMode": "auto"
          },
          "pluginVersion": "7.5.5",
          "targets": [
            {
              "exemplar": true,
              "expr": "sum(rate(request_rest_seconds_sum{ kubernetes_namespace=~\"$namespace\", component=~\"$job\", kubernetes_pod_name=~\"$pod\", resource=~\"$resource\"} [2m]))  by (pod)  / sum(rate(request_rest_seconds_count{ kubernetes_namespace=~\"$namespace\", component=~\"$job\", kubernetes_pod_name=~\"$pod\", resource=~\"$resource\"} [2m])) by (pod)",
              "interval": "",
              "legendFormat": "{{pod}}",
              "refId": "A"
            }
          ],
          "timeFrom": null,
          "timeShift": null,
          "title": "Total Average Response Time",
          "type": "stat"
        },
        {
          "datasource": "${DS_PROMETHEUS}",
          "description": "",
          "fieldConfig": {
            "defaults": {
              "color": {
                "mode": "thresholds"
              },
              "mappings": [],
              "thresholds": {
                "mode": "absolute",
                "steps": [
                  {
                    "color": "green",
                    "value": null
                  },
                  {
                    "color": "red",
                    "value": 80
                  }
                ]
              },
              "unit": "s"
            },
            "overrides": []
          },
          "gridPos": {
            "h": 10,
            "w": 16,
            "x": 8,
            "y": 5
          },
          "id": 403,
          "options": {
            "displayMode": "gradient",
            "orientation": "horizontal",
            "reduceOptions": {
              "calcs": [
                "mean"
              ],
              "fields": "",
              "values": false
            },
            "showUnfilled": true,
            "text": {
              "valueSize": 14
            }
          },
          "pluginVersion": "7.5.5",
          "targets": [
            {
              "exemplar": true,
              "expr": "sum(rate(request_rest_seconds_sum{ kubernetes_namespace=~\"$namespace\", component=~\"$job\", kubernetes_pod_name=~\"$pod\", resource=~\"$resource\"} [2m])) by (resource)   / sum(rate(request_rest_seconds_count{ kubernetes_namespace=~\"$namespace\", component=~\"$job\", kubernetes_pod_name=~\"$pod\", resource=~\"$resource\"} [2m])) by (resource)",
              "interval": "",
              "legendFormat": "{{resource}}",
              "refId": "A"
            }
          ],
          "timeFrom": null,
          "timeShift": null,
          "title": "Average Response Time",
          "type": "bargauge"
        },
        {
          "aliasColors": {},
          "bars": false,
          "dashLength": 10,
          "dashes": false,
          "datasource": "${DS_PROMETHEUS}",
          "fieldConfig": {
            "defaults": {
              "links": []
            },
            "overrides": []
          },
          "fill": 1,
          "fillGradient": 0,
          "gridPos": {
            "h": 11,
            "w": 16,
            "x": 0,
            "y": 15
          },
          "hiddenSeries": false,
          "id": 378,
          "legend": {
            "alignAsTable": true,
            "avg": false,
            "current": false,
            "max": false,
            "min": false,
            "rightSide": true,
            "show": true,
            "total": false,
            "values": false
          },
          "lines": true,
          "linewidth": 1,
          "nullPointMode": "null",
          "options": {
            "alertThreshold": true
          },
          "percentage": false,
          "pluginVersion": "7.5.5",
          "pointradius": 2,
          "points": false,
          "renderer": "flot",
          "seriesOverrides": [],
          "spaceLength": 10,
          "stack": false,
          "steppedLine": false,
          "targets": [
            {
              "exemplar": true,
              "expr": "sum(rate(request_rest_seconds_sum{ kubernetes_namespace=~\"$namespace\", component=~\"$job\", kubernetes_pod_name=~\"$pod\", resource=~\"$resource\"} [2m]))  by (resource) / sum(rate(request_rest_seconds_count{ kubernetes_namespace=~\"$namespace\", component=~\"$job\", kubernetes_pod_name=~\"$pod\", resource=~\"$resource\"} [2m])) by (resource) ",
              "interval": "",
              "legendFormat": "{{resource}}",
              "refId": "A"
            }
          ],
          "thresholds": [],
          "timeFrom": null,
          "timeRegions": [],
          "timeShift": null,
          "title": "Average Response Times",
          "tooltip": {
            "shared": false,
            "sort": 0,
            "value_type": "individual"
          },
          "type": "graph",
          "xaxis": {
            "buckets": null,
            "mode": "time",
            "name": null,
            "show": true,
            "values": []
          },
          "yaxes": [
            {
              "$$hashKey": "object:279",
              "format": "s",
              "label": null,
              "logBase": 1,
              "max": null,
              "min": null,
              "show": true
            },
            {
              "$$hashKey": "object:280",
              "format": "short",
              "label": null,
              "logBase": 1,
              "max": null,
              "min": null,
              "show": true
            }
          ],
          "yaxis": {
            "align": false,
            "alignLevel": null
          }
        },
        {
          "aliasColors": {},
          "bars": false,
          "dashLength": 10,
          "dashes": false,
          "datasource": "${DS_PROMETHEUS}",
          "fieldConfig": {
            "defaults": {
              "links": []
            },
            "overrides": []
          },
          "fill": 1,
          "fillGradient": 0,
          "gridPos": {
            "h": 10,
            "w": 16,
            "x": 0,
            "y": 26
          },
          "hiddenSeries": false,
          "id": 360,
          "legend": {
            "alignAsTable": true,
            "avg": false,
            "current": false,
            "max": false,
            "min": false,
            "rightSide": true,
            "show": true,
            "total": false,
            "values": false
          },
          "lines": true,
          "linewidth": 1,
          "nullPointMode": "null",
          "options": {
            "alertThreshold": true
          },
          "percentage": false,
          "pluginVersion": "7.5.5",
          "pointradius": 2,
          "points": false,
          "renderer": "flot",
          "seriesOverrides": [],
          "spaceLength": 10,
          "stack": false,
          "steppedLine": false,
          "targets": [
            {
              "exemplar": true,
              "expr": "histogram_quantile(0.95, sum(rate(request_rest_seconds_bucket{ kubernetes_namespace=~\"$namespace\", component=~\"$job\", kubernetes_pod_name=~\"$pod\", resource=~\"$resource\" }[2m])) by (resource,le))",
              "interval": "",
              "legendFormat": "{{resource}}",
              "refId": "A"
            }
          ],
          "thresholds": [],
          "timeFrom": null,
          "timeRegions": [],
          "timeShift": null,
          "title": "95 Percentile Analysis",
          "tooltip": {
            "shared": true,
            "sort": 2,
            "value_type": "individual"
          },
          "type": "graph",
          "xaxis": {
            "buckets": null,
            "mode": "time",
            "name": null,
            "show": true,
            "values": []
          },
          "yaxes": [
            {
              "format": "s",
              "label": null,
              "logBase": 1,
              "max": null,
              "min": null,
              "show": true
            },
            {
              "format": "short",
              "label": null,
              "logBase": 1,
              "max": null,
              "min": null,
              "show": true
            }
          ],
          "yaxis": {
            "align": false,
            "alignLevel": null
          }
        },
        {
          "aliasColors": {},
          "bars": false,
          "dashLength": 10,
          "dashes": false,
          "datasource": "${DS_PROMETHEUS}",
          "fieldConfig": {
            "defaults": {
              "links": []
            },
            "overrides": []
          },
          "fill": 1,
          "fillGradient": 0,
          "gridPos": {
            "h": 9,
            "w": 16,
            "x": 0,
            "y": 36
          },
          "hiddenSeries": false,
          "id": 366,
          "legend": {
            "alignAsTable": true,
            "avg": false,
            "current": false,
            "max": false,
            "min": false,
            "rightSide": true,
            "show": true,
            "total": false,
            "values": false
          },
          "lines": true,
          "linewidth": 1,
          "nullPointMode": "null",
          "options": {
            "alertThreshold": true
          },
          "percentage": false,
          "pluginVersion": "7.5.5",
          "pointradius": 2,
          "points": false,
          "renderer": "flot",
          "seriesOverrides": [],
          "spaceLength": 10,
          "stack": false,
          "steppedLine": false,
          "targets": [
            {
              "exemplar": true,
              "expr": "histogram_quantile(0.99, sum(rate(request_rest_seconds_bucket{ kubernetes_namespace=~\"$namespace\", component=~\"$job\", kubernetes_pod_name=~\"$pod\", resource=~\"$resource\" }[2m])) by (resource,le))",
              "interval": "",
              "legendFormat": "{{resource}}",
              "refId": "A"
            }
          ],
          "thresholds": [],
          "timeFrom": null,
          "timeRegions": [],
          "timeShift": null,
          "title": "99 Percentile Analysis",
          "tooltip": {
            "shared": true,
            "sort": 2,
            "value_type": "individual"
          },
          "type": "graph",
          "xaxis": {
            "buckets": null,
            "mode": "time",
            "name": null,
            "show": true,
            "values": []
          },
          "yaxes": [
            {
              "format": "s",
              "label": null,
              "logBase": 1,
              "max": null,
              "min": null,
              "show": true
            },
            {
              "format": "short",
              "label": null,
              "logBase": 1,
              "max": null,
              "min": null,
              "show": true
            }
          ],
          "yaxis": {
            "align": false,
            "alignLevel": null
          }
        }
      ],
      "title": "REST Calls - Response Times",
      "type": "row"
    },
    {
      "collapsed": true,
      "datasource": "${DS_PROMETHEUS}",
      "gridPos": {
        "h": 1,
        "w": 24,
        "x": 0,
        "y": 5
      },
      "id": 397,
      "panels": [
        {
          "aliasColors": {},
          "bars": false,
          "dashLength": 10,
          "dashes": false,
          "datasource": "${DS_PROMETHEUS}",
          "description": "",
          "fieldConfig": {
            "defaults": {
              "links": []
            },
            "overrides": []
          },
          "fill": 1,
          "fillGradient": 0,
          "gridPos": {
            "h": 11,
            "w": 12,
            "x": 0,
            "y": 46
          },
          "hiddenSeries": false,
          "id": 399,
          "legend": {
            "alignAsTable": true,
            "avg": false,
            "current": false,
            "max": false,
            "min": false,
            "rightSide": true,
            "show": true,
            "total": false,
            "values": false
          },
          "lines": true,
          "linewidth": 1,
          "nullPointMode": "null",
          "options": {
            "alertThreshold": true
          },
          "percentage": false,
          "pluginVersion": "7.5.5",
          "pointradius": 2,
          "points": false,
          "renderer": "flot",
          "seriesOverrides": [],
          "spaceLength": 10,
          "stack": false,
          "steppedLine": false,
          "targets": [
            {
              "exemplar": true,
              "expr": "sum(rate(request_rest_status_total{ kubernetes_namespace=~\"$namespace\", component=~\"$job\", kubernetes_pod_name=~\"$pod\", resource=~\"$resource\", cache =\"miss\" }[2m]))  by ( resource) > 0\r",
              "interval": "",
              "legendFormat": "{{resource}}",
              "refId": "A"
            }
          ],
          "thresholds": [],
          "timeFrom": null,
          "timeRegions": [],
          "timeShift": null,
          "title": "Requests per Second - Cache Misses",
          "tooltip": {
            "shared": false,
            "sort": 0,
            "value_type": "individual"
          },
          "type": "graph",
          "xaxis": {
            "buckets": null,
            "mode": "time",
            "name": null,
            "show": true,
            "values": []
          },
          "yaxes": [
            {
              "$$hashKey": "object:755",
              "format": "none",
              "label": null,
              "logBase": 1,
              "max": null,
              "min": "0",
              "show": true
            },
            {
              "$$hashKey": "object:756",
              "decimals": null,
              "format": "short",
              "label": "",
              "logBase": 1,
              "max": null,
              "min": null,
              "show": true
            }
          ],
          "yaxis": {
            "align": false,
            "alignLevel": null
          }
        },
        {
          "aliasColors": {},
          "bars": false,
          "dashLength": 10,
          "dashes": false,
          "datasource": "${DS_PROMETHEUS}",
          "description": "",
          "fieldConfig": {
            "defaults": {
              "links": []
            },
            "overrides": []
          },
          "fill": 1,
          "fillGradient": 0,
          "gridPos": {
            "h": 11,
            "w": 12,
            "x": 12,
            "y": 46
          },
          "hiddenSeries": false,
          "id": 400,
          "legend": {
            "alignAsTable": true,
            "avg": false,
            "current": false,
            "max": false,
            "min": false,
            "rightSide": true,
            "show": true,
            "total": false,
            "values": false
          },
          "lines": true,
          "linewidth": 1,
          "nullPointMode": "null",
          "options": {
            "alertThreshold": true
          },
          "percentage": false,
          "pluginVersion": "7.5.5",
          "pointradius": 2,
          "points": false,
          "renderer": "flot",
          "seriesOverrides": [],
          "spaceLength": 10,
          "stack": false,
          "steppedLine": false,
          "targets": [
            {
              "exemplar": true,
              "expr": "sum(rate(request_rest_status_total{ kubernetes_namespace=~\"$namespace\", component=~\"$job\", kubernetes_pod_name=~\"$pod\", resource=~\"$resource\", cache =\"hit\" }[2m]))  by ( resource) > 0\r",
              "interval": "",
              "legendFormat": "{{resource}}",
              "refId": "A"
            }
          ],
          "thresholds": [],
          "timeFrom": null,
          "timeRegions": [],
          "timeShift": null,
          "title": "Requests per Second - Cache Hits",
          "tooltip": {
            "shared": false,
            "sort": 0,
            "value_type": "individual"
          },
          "type": "graph",
          "xaxis": {
            "buckets": null,
            "mode": "time",
            "name": null,
            "show": true,
            "values": []
          },
          "yaxes": [
            {
              "$$hashKey": "object:755",
              "format": "none",
              "label": null,
              "logBase": 1,
              "max": null,
              "min": "0",
              "show": true
            },
            {
              "$$hashKey": "object:756",
              "decimals": null,
              "format": "short",
              "label": "",
              "logBase": 1,
              "max": null,
              "min": null,
              "show": true
            }
          ],
          "yaxis": {
            "align": false,
            "alignLevel": null
          }
        },
        {
          "aliasColors": {},
          "bars": false,
          "dashLength": 10,
          "dashes": false,
          "datasource": "${DS_PROMETHEUS}",
          "description": "",
          "fieldConfig": {
            "defaults": {
              "links": []
            },
            "overrides": []
          },
          "fill": 1,
          "fillGradient": 0,
          "gridPos": {
            "h": 11,
            "w": 24,
            "x": 0,
            "y": 57
          },
          "hiddenSeries": false,
          "id": 405,
          "legend": {
            "alignAsTable": true,
            "avg": false,
            "current": false,
            "max": false,
            "min": false,
            "rightSide": true,
            "show": true,
            "total": false,
            "values": false
          },
          "lines": true,
          "linewidth": 1,
          "nullPointMode": "null",
          "options": {
            "alertThreshold": true
          },
          "percentage": false,
          "pluginVersion": "7.5.5",
          "pointradius": 2,
          "points": false,
          "renderer": "flot",
          "seriesOverrides": [],
          "spaceLength": 10,
          "stack": false,
          "steppedLine": false,
          "targets": [
            {
              "exemplar": true,
              "expr": "sum(rate(request_rest_status_total{ kubernetes_namespace=~\"$namespace\", component=~\"$job\", kubernetes_pod_name=~\"$pod\", resource=~\"$resource\", cache =\"hit\" }[2m]))  by ( resource) / sum(rate(request_rest_status_total{ kubernetes_namespace=~\"$namespace\", component=~\"$job\", kubernetes_pod_name=~\"$pod\" ,resource=~\"$resource\"}[2m]))  by ( resource)  \r",
              "interval": "",
              "legendFormat": "{{resource}}",
              "refId": "A"
            }
          ],
          "thresholds": [],
          "timeFrom": null,
          "timeRegions": [],
          "timeShift": null,
          "title": "Cache Hit Ratios by Request",
          "tooltip": {
            "shared": false,
            "sort": 0,
            "value_type": "individual"
          },
          "type": "graph",
          "xaxis": {
            "buckets": null,
            "mode": "time",
            "name": null,
            "show": true,
            "values": []
          },
          "yaxes": [
            {
              "$$hashKey": "object:755",
              "decimals": null,
              "format": "percentunit",
              "label": null,
              "logBase": 1,
              "max": "1",
              "min": "0",
              "show": true
            },
            {
              "$$hashKey": "object:756",
              "decimals": null,
              "format": "short",
              "label": "",
              "logBase": 1,
              "max": null,
              "min": null,
              "show": true
            }
          ],
          "yaxis": {
            "align": false,
            "alignLevel": null
          }
        }
      ],
      "title": "REST Calls - Caching",
      "type": "row"
    }
  ],
  "refresh": "",
  "schemaVersion": 27,
  "style": "dark",
  "tags": [
    "hcl"
  ],
  "templating": {
    "list": [
      {
        "current": {
          "selected": false,
          "text": "Prometheus",
          "value": "Prometheus"
        },
        "description": null,
        "error": null,
        "hide": 0,
        "includeAll": false,
        "label": "Prometheus",
        "multi": false,
        "name": "DS_PROMETHEUS",
        "options": [],
        "query": "prometheus",
        "refresh": 1,
        "regex": "",
        "skipUrlSync": false,
        "type": "datasource"
      },
      {
        "allValue": null,
        "current": {
          "selected": false,
          "text": "c8braucjf2nnsdd85h10",
          "value": "c8braucjf2nnsdd85h10"
        },
        "datasource": "${DS_PROMETHEUS}",
        "definition": "label_values(kube_pod_container_info{container=\"ts-app\"}, kubernetes_namespace)",
        "description": null,
        "error": null,
        "hide": 0,
        "includeAll": false,
        "label": "namespace",
        "multi": false,
        "name": "namespace",
        "options": [],
        "query": {
          "query": "label_values(kube_pod_container_info{container=\"ts-app\"}, kubernetes_namespace)",
          "refId": "StandardVariableQuery"
        },
        "refresh": 2,
        "regex": "",
        "skipUrlSync": false,
        "sort": 1,
        "tagValuesQuery": "",
        "tags": [],
        "tagsQuery": "",
        "type": "query",
        "useTags": false
      },
      {
        "allValue": null,
        "current": {
          "selected": true,
          "text": "comdemoauthts-app",
          "value": "comdemoauthts-app"
        },
        "datasource": "${DS_PROMETHEUS}",
        "definition": "label_values(kube_deployment_status_replicas{kubernetes_namespace=\"$namespace\",deployment=~\".*ts-app.*\"} , deployment) ",
        "description": null,
        "error": null,
        "hide": 0,
        "includeAll": false,
        "label": "deployment",
        "multi": false,
        "name": "job",
        "options": [],
        "query": {
          "query": "label_values(kube_deployment_status_replicas{kubernetes_namespace=\"$namespace\",deployment=~\".*ts-app.*\"} , deployment) ",
          "refId": "StandardVariableQuery"
        },
        "refresh": 2,
        "regex": "",
        "skipUrlSync": false,
        "sort": 0,
        "tagValuesQuery": "",
        "tags": [],
        "tagsQuery": "",
        "type": "query",
        "useTags": false
      },
      {
        "allValue": "$job.*",
        "current": {
          "selected": true,
          "text": [
            "All"
          ],
          "value": [
            "$__all"
          ]
        },
        "datasource": "${DS_PROMETHEUS}",
        "definition": "label_values(kube_pod_status_ready{kubernetes_namespace=\"$namespace\",pod=~\"$job.*\"} , pod)",
        "description": null,
        "error": null,
        "hide": 0,
        "includeAll": true,
        "label": "pod",
        "multi": true,
        "name": "pod",
        "options": [],
        "query": {
          "query": "label_values(kube_pod_status_ready{kubernetes_namespace=\"$namespace\",pod=~\"$job.*\"} , pod)",
          "refId": "StandardVariableQuery"
        },
        "refresh": 2,
        "regex": "",
        "skipUrlSync": false,
        "sort": 0,
        "tagValuesQuery": "",
        "tags": [],
        "tagsQuery": "",
        "type": "query",
        "useTags": false
      },
      {
        "allValue": ".*",
        "current": {
          "selected": true,
          "text": [
            "All"
          ],
          "value": [
            "$__all"
          ]
        },
        "datasource": "${DS_PROMETHEUS}",
        "definition": "label_values(request_rest_seconds_count{kubernetes_namespace=~\"$namespace\",component=\"$job\",kubernetes_pod_name=~\"$pod\"}, resource)",
        "description": null,
        "error": null,
        "hide": 0,
        "includeAll": true,
        "label": "resource",
        "multi": true,
        "name": "resource",
        "options": [],
        "query": {
          "query": "label_values(request_rest_seconds_count{kubernetes_namespace=~\"$namespace\",component=\"$job\",kubernetes_pod_name=~\"$pod\"}, resource)",
          "refId": "StandardVariableQuery"
        },
        "refresh": 2,
        "regex": "",
        "skipUrlSync": false,
        "sort": 0,
        "tagValuesQuery": "",
        "tags": [],
        "tagsQuery": "",
        "type": "query",
        "useTags": false
      },
      {
        "allValue": ".*",
        "current": {
          "selected": true,
          "text": [
            "All"
          ],
          "value": [
            "$__all"
          ]
        },
        "datasource": "${DS_PROMETHEUS}",
        "definition": "label_values(request_rest_status_total{kubernetes_namespace=~\"$namespace\",component=\"$job\",kubernetes_pod_name=~\"$pod\",resource=~\"$resource\"}, http_status)",
        "description": null,
        "error": null,
        "hide": 0,
        "includeAll": true,
        "label": "http_status",
        "multi": true,
        "name": "http_status",
        "options": [],
        "query": {
          "query": "label_values(request_rest_status_total{kubernetes_namespace=~\"$namespace\",component=\"$job\",kubernetes_pod_name=~\"$pod\",resource=~\"$resource\"}, http_status)",
          "refId": "StandardVariableQuery"
        },
        "refresh": 2,
        "regex": "",
        "skipUrlSync": false,
        "sort": 0,
        "tagValuesQuery": "",
        "tags": [],
        "tagsQuery": "",
        "type": "query",
        "useTags": false
      }
    ]
  },
  "time": {
    "from": "now-5m",
    "to": "now"
  },
  "timepicker": {
    "refresh_intervals": [
      "5s",
      "10s",
      "30s",
      "1m",
      "5m",
      "15m",
      "30m",
      "1h",
      "2h",
      "1d"
    ]
  },
  "timezone": "",
  "title": "Transaction Servers",
  "uid": "ts-app",
  "version": 919
}