{
  "annotations": {
    "list": [
      {
        "builtIn": 1,
        "datasource": "-- Grafana --",
        "enable": true,
        "hide": true,
        "iconColor": "rgba(0, 211, 255, 1)",
        "name": "Annotations & Alerts",
        "type": "dashboard"
      }
    ]
  },
  "description": "",
  "editable": true,
  "gnetId": null,
  "graphTooltip": 0,
  "id": 216,
  "iteration": 1646056011375,
  "links": [
    {
      "asDropdown": false,
      "icon": "external link",
      "includeVars": true,
      "keepTime": true,
      "tags": [
        "hcl-cache"
      ],
      "title": "Cache",
      "type": "dashboards"
    }
  ],
  "panels": [
    {
      "columns": [],
      "datasource": "${DS_PROMETHEUS}",
      "description": "",
      "fieldConfig": {
        "defaults": {},
        "overrides": []
      },
      "fontSize": "100%",
      "gridPos": {
        "h": 18,
        "w": 24,
        "x": 0,
        "y": 0
      },
      "id": 422,
      "interval": "",
      "pageSize": null,
      "showHeader": true,
      "sort": {
        "col": 4,
        "desc": true
      },
      "styles": [
        {
          "alias": "Time",
          "align": "auto",
          "dateFormat": "YYYY-MM-DD HH:mm:ss",
          "pattern": "Time",
          "type": "hidden"
        },
        {
          "alias": "cache",
          "align": "auto",
          "colorMode": null,
          "colors": [
            "rgba(245, 54, 54, 0.9)",
            "rgba(237, 129, 40, 0.89)",
            "rgba(50, 172, 45, 0.97)"
          ],
          "dateFormat": "YYYY-MM-DD HH:mm:ss",
          "decimals": 2,
          "mappingType": 1,
          "pattern": "name",
          "thresholds": [],
          "type": "number",
          "unit": "short"
        },
        {
          "alias": "entries",
          "align": "auto",
          "colorMode": null,
          "colors": [
            "rgba(245, 54, 54, 0.9)",
            "rgba(237, 129, 40, 0.89)",
            "rgba(50, 172, 45, 0.97)"
          ],
          "dateFormat": "YYYY-MM-DD HH:mm:ss",
          "decimals": 0,
          "mappingType": 1,
          "pattern": "Value #A",
          "thresholds": [],
          "type": "number",
          "unit": "short"
        },
        {
          "alias": "max entries",
          "align": "auto",
          "colorMode": null,
          "colors": [
            "rgba(245, 54, 54, 0.9)",
            "rgba(237, 129, 40, 0.89)",
            "rgba(50, 172, 45, 0.97)"
          ],
          "dateFormat": "YYYY-MM-DD HH:mm:ss",
          "decimals": 0,
          "mappingType": 1,
          "pattern": "Value #B",
          "thresholds": [],
          "type": "number",
          "unit": "short"
        },
        {
          "alias": "%used",
          "align": "auto",
          "colorMode": "value",
          "colors": [
            "rgba(50, 172, 45, 0.97)",
            "rgba(237, 129, 40, 0.89)",
            "rgba(245, 54, 54, 0.9)"
          ],
          "dateFormat": "YYYY-MM-DD HH:mm:ss",
          "decimals": 0,
          "mappingType": 1,
          "pattern": "Value #C",
          "thresholds": [
            "0.8",
            "0.99"
          ],
          "type": "number",
          "unit": "percentunit"
        },
        {
          "alias": "mb",
          "align": "auto",
          "colorMode": null,
          "colors": [
            "rgba(245, 54, 54, 0.9)",
            "rgba(237, 129, 40, 0.89)",
            "rgba(50, 172, 45, 0.97)"
          ],
          "dateFormat": "YYYY-MM-DD HH:mm:ss",
          "decimals": 0,
          "mappingType": 1,
          "pattern": "Value #D",
          "thresholds": [],
          "type": "number",
          "unit": "short"
        },
        {
          "alias": "max mb",
          "align": "auto",
          "colorMode": null,
          "colors": [
            "rgba(245, 54, 54, 0.9)",
            "rgba(237, 129, 40, 0.89)",
            "rgba(50, 172, 45, 0.97)"
          ],
          "dateFormat": "YYYY-MM-DD HH:mm:ss",
          "decimals": 0,
          "mappingType": 1,
          "pattern": "Value #E",
          "thresholds": [],
          "type": "number",
          "unit": "short"
        },
        {
          "alias": "mb %used",
          "align": "auto",
          "colorMode": "value",
          "colors": [
            "rgba(50, 172, 45, 0.97)",
            "rgba(237, 129, 40, 0.89)",
            "rgba(245, 54, 54, 0.9)"
          ],
          "dateFormat": "YYYY-MM-DD HH:mm:ss",
          "decimals": 0,
          "mappingType": 1,
          "pattern": "Value #F",
          "thresholds": [
            "0.8",
            "0.99"
          ],
          "type": "number",
          "unit": "percentunit"
        }
      ],
      "targets": [
        {
          "expr": "sum( hclcache_cache_size_current{ namespace=\"$namespace\", pod=\"$pod\", scope=\"local\" }) by (name)",
          "format": "table",
          "instant": true,
          "refId": "A"
        },
        {
          "expr": "sum( hclcache_cache_size_max{ namespace=\"$namespace\", pod=\"$pod\", scope=\"local\" }) by (name)",
          "format": "table",
          "instant": true,
          "refId": "B"
        },
        {
          "expr": "sum( hclcache_cache_size_current{ namespace=\"$namespace\", pod=\"$pod\", scope=\"local\" }) by (name) / sum( hclcache_cache_size_max{ namespace=\"$namespace\", pod=\"$pod\", scope=\"local\" }) by (name)",
          "format": "table",
          "instant": true,
          "refId": "C"
        },
        {
          "expr": "sum( hclcache_cache_size_mb_current{ namespace=\"$namespace\", pod=\"$pod\", scope=\"local\" }) by (name)",
          "format": "table",
          "instant": true,
          "refId": "D"
        },
        {
          "expr": "sum( hclcache_cache_size_mb_max{ namespace=\"$namespace\", pod=\"$pod\", scope=\"local\" }) by (name)",
          "format": "table",
          "instant": true,
          "refId": "E"
        },
        {
          "expr": "sum( hclcache_cache_size_mb_current{ namespace=\"$namespace\", pod=\"$pod\", scope=\"local\" }) by (name) / sum( hclcache_cache_size_mb_max{ namespace=\"$namespace\", pod=\"$pod\", scope=\"local\" }) by (name)",
          "format": "table",
          "instant": true,
          "refId": "F"
        }
      ],
      "timeFrom": null,
      "timeShift": null,
      "title": "Cache Usage for $pod ",
      "transform": "table",
      "type": "table-old"
    }
  ],
  "refresh": false,
  "schemaVersion": 27,
  "style": "dark",
  "tags": [
    "hcl-cache",
    "hcl"
  ],
  "templating": {
    "list": [
      {
        "current": {
          "selected": false,
          "text": "Prometheus",
          "value": "Prometheus"
        },
        "description": null,
        "error": null,
        "hide": 0,
        "includeAll": false,
        "label": "Prometheus",
        "multi": false,
        "name": "DS_PROMETHEUS",
        "options": [],
        "query": "prometheus",
        "refresh": 1,
        "regex": "",
        "skipUrlSync": false,
        "type": "datasource"
      },
      {
        "allValue": null,
        "current": {
          "selected": false,
          "text": "commerce",
          "value": "commerce"
        },
        "datasource": "${DS_PROMETHEUS}",
        "definition": "label_values(hclcache_cache_size_max, namespace)",
        "description": null,
        "error": null,
        "hide": 0,
        "includeAll": false,
        "label": "namespace",
        "multi": false,
        "name": "namespace",
        "options": [],
        "query": {
          "query": "label_values(hclcache_cache_size_max, namespace)",
          "refId": "Prometheus-namespace-Variable-Query"
        },
        "refresh": 2,
        "regex": "",
        "skipUrlSync": false,
        "sort": 1,
        "tagValuesQuery": "",
        "tags": [],
        "tagsQuery": "",
        "type": "query",
        "useTags": false
      },
      {
        "allValue": ".*",
        "current": {
          "selected": true,
          "text": [
            "All"
          ],
          "value": [
            "$__all"
          ]
        },
        "datasource": "${DS_PROMETHEUS}",
        "definition": "label_values(hclcache_cache_size_max{namespace=~\"$namespace\"}, job)",
        "description": null,
        "error": null,
        "hide": 0,
        "includeAll": true,
        "label": "deployment",
        "multi": true,
        "name": "job",
        "options": [],
        "query": {
          "query": "label_values(hclcache_cache_size_max{namespace=~\"$namespace\"}, job)",
          "refId": "Prometheus-job-Variable-Query"
        },
        "refresh": 2,
        "regex": "",
        "skipUrlSync": false,
        "sort": 0,
        "tagValuesQuery": "",
        "tags": [],
        "tagsQuery": "",
        "type": "query",
        "useTags": false
      },
      {
        "allValue": ".*",
        "current": {
          "selected": true,
          "text": "demoqalivequery-app-65f847fdff-lr45k",
          "value": "demoqalivequery-app-65f847fdff-lr45k"
        },
        "datasource": "${DS_PROMETHEUS}",
        "definition": "label_values(hclcache_cache_size_max{namespace=~\"$namespace\",job=~\"$job\"}, pod)",
        "description": null,
        "error": null,
        "hide": 0,
        "includeAll": false,
        "label": "pod",
        "multi": false,
        "name": "pod",
        "options": [],
        "query": {
          "query": "label_values(hclcache_cache_size_max{namespace=~\"$namespace\",job=~\"$job\"}, pod)",
          "refId": "Prometheus-pod-Variable-Query"
        },
        "refresh": 2,
        "regex": "",
        "skipUrlSync": false,
        "sort": 0,
        "tagValuesQuery": "",
        "tags": [],
        "tagsQuery": "",
        "type": "query",
        "useTags": false
      }
    ]
  },
  "time": {
    "from": "now-5m",
    "to": "now"
  },
  "timepicker": {
    "refresh_intervals": [
      "5s",
      "10s",
      "30s",
      "1m",
      "5m",
      "15m",
      "30m",
      "1h",
      "2h",
      "1d"
    ]
  },
  "timezone": "",
  "title": "HCL Cache - Local Cache Summary",
  "uid": "hcl_cache_local_summary",
  "version": 919
}