{
  "annotations": {
    "list": [
      {
        "builtIn": 1,
        "datasource": "-- Grafana --",
        "enable": true,
        "hide": true,
        "iconColor": "rgba(0, 211, 255, 1)",
        "name": "Annotations & Alerts",
        "type": "dashboard"
      }
    ]
  },
  "editable": true,
  "gnetId": null,
  "graphTooltip": 0,
  "id": 349,
  "iteration": 1646324403658,
  "links": [
    {
      "asDropdown": false,
      "icon": "external link",
      "includeVars": true,
      "keepTime": true,
      "tags": [
        "hcl-cache"
      ],
      "title": "Cache",
      "type": "dashboards"
    }
  ],
  "panels": [
    {
      "collapsed": false,
      "datasource": "${DS_PROMETHEUS}",
      "gridPos": {
        "h": 1,
        "w": 24,
        "x": 0,
        "y": 0
      },
      "id": 374,
      "panels": [],
      "title": "Availability",
      "type": "row"
    },
    {
      "cacheTimeout": null,
      "datasource": "${DS_PROMETHEUS}",
      "fieldConfig": {
        "defaults": {
          "mappings": [],
          "thresholds": {
            "mode": "absolute",
            "steps": [
              {
                "color": "green",
                "value": null
              },
              {
                "color": "red",
                "value": 80
              }
            ]
          },
          "unit": "none"
        },
        "overrides": []
      },
      "gridPos": {
        "h": 5,
        "w": 4,
        "x": 0,
        "y": 1
      },
      "id": 376,
      "links": [],
      "options": {
        "colorMode": "value",
        "graphMode": "area",
        "justifyMode": "auto",
        "orientation": "horizontal",
        "reduceOptions": {
          "calcs": [
            "mean"
          ],
          "fields": "",
          "values": false
        },
        "text": {},
        "textMode": "auto"
      },
      "pluginVersion": "7.5.5",
      "targets": [
        {
          "expr": "sum(hclcache_remoteclient_outage{ namespace=\"$namespace\", cachespace=\"$environment\", job=~\"$job\", pod=~\"$pod\"})",
          "format": "time_series",
          "instant": true,
          "interval": "",
          "legendFormat": "",
          "refId": "A"
        }
      ],
      "timeFrom": null,
      "timeShift": null,
      "title": "Clients Currently in Outage Mode",
      "type": "stat"
    },
    {
      "aliasColors": {},
      "bars": false,
      "dashLength": 10,
      "dashes": false,
      "datasource": "${DS_PROMETHEUS}",
      "fieldConfig": {
        "defaults": {
          "links": []
        },
        "overrides": []
      },
      "fill": 1,
      "fillGradient": 0,
      "gridPos": {
        "h": 5,
        "w": 8,
        "x": 4,
        "y": 1
      },
      "hiddenSeries": false,
      "id": 372,
      "legend": {
        "alignAsTable": true,
        "avg": false,
        "current": false,
        "max": false,
        "min": false,
        "rightSide": true,
        "show": true,
        "total": false,
        "values": false
      },
      "lines": true,
      "linewidth": 1,
      "nullPointMode": "null",
      "options": {
        "alertThreshold": true
      },
      "percentage": false,
      "pluginVersion": "7.5.5",
      "pointradius": 2,
      "points": false,
      "renderer": "flot",
      "seriesOverrides": [],
      "spaceLength": 10,
      "stack": false,
      "steppedLine": false,
      "targets": [
        {
          "expr": "sum(hclcache_remoteclient_outage{namespace=\"$namespace\", cachespace=\"$environment\", job=~\"$job\", pod=~\"$pod\"}) by (pod) > 0",
          "interval": "",
          "legendFormat": "{{pod}}",
          "refId": "A"
        }
      ],
      "thresholds": [],
      "timeFrom": null,
      "timeRegions": [],
      "timeShift": null,
      "title": "Remote Clients in Outage Mode",
      "tooltip": {
        "shared": true,
        "sort": 0,
        "value_type": "individual"
      },
      "type": "graph",
      "xaxis": {
        "buckets": null,
        "mode": "time",
        "name": null,
        "show": true,
        "values": []
      },
      "yaxes": [
        {
          "decimals": 0,
          "format": "short",
          "label": null,
          "logBase": 1,
          "max": null,
          "min": "0",
          "show": true
        },
        {
          "format": "short",
          "label": null,
          "logBase": 1,
          "max": null,
          "min": "0",
          "show": true
        }
      ],
      "yaxis": {
        "align": false,
        "alignLevel": null
      }
    },
    {
      "cacheTimeout": null,
      "datasource": "${DS_PROMETHEUS}",
      "fieldConfig": {
        "defaults": {
          "mappings": [],
          "thresholds": {
            "mode": "absolute",
            "steps": [
              {
                "color": "green",
                "value": null
              },
              {
                "color": "red",
                "value": 80
              }
            ]
          },
          "unit": "none"
        },
        "overrides": []
      },
      "gridPos": {
        "h": 5,
        "w": 4,
        "x": 12,
        "y": 1
      },
      "id": 383,
      "links": [],
      "options": {
        "colorMode": "value",
        "graphMode": "area",
        "justifyMode": "auto",
        "orientation": "horizontal",
        "reduceOptions": {
          "calcs": [
            "mean"
          ],
          "fields": "",
          "values": false
        },
        "text": {},
        "textMode": "auto"
      },
      "pluginVersion": "7.5.5",
      "targets": [
        {
          "expr": "sum(hclcache_cache_outage{namespace=\"$namespace\", cachespace=\"$environment\", job=~\"$job\", pod=~\"$pod\"})",
          "format": "time_series",
          "instant": true,
          "interval": "",
          "legendFormat": "",
          "refId": "A"
        }
      ],
      "timeFrom": null,
      "timeShift": null,
      "title": "Caches Currently in Outage Mode",
      "type": "stat"
    },
    {
      "aliasColors": {},
      "bars": false,
      "dashLength": 10,
      "dashes": false,
      "datasource": "${DS_PROMETHEUS}",
      "fieldConfig": {
        "defaults": {
          "links": []
        },
        "overrides": []
      },
      "fill": 1,
      "fillGradient": 0,
      "gridPos": {
        "h": 5,
        "w": 8,
        "x": 16,
        "y": 1
      },
      "hiddenSeries": false,
      "id": 384,
      "legend": {
        "alignAsTable": true,
        "avg": false,
        "current": false,
        "max": false,
        "min": false,
        "rightSide": true,
        "show": true,
        "total": false,
        "values": false
      },
      "lines": true,
      "linewidth": 1,
      "nullPointMode": "null",
      "options": {
        "alertThreshold": true
      },
      "percentage": false,
      "pluginVersion": "7.5.5",
      "pointradius": 2,
      "points": false,
      "renderer": "flot",
      "seriesOverrides": [],
      "spaceLength": 10,
      "stack": true,
      "steppedLine": false,
      "targets": [
        {
          "expr": "sum(hclcache_cache_outage{namespace=\"$namespace\", cachespace=\"$environment\", job=~\"$job\", pod=~\"$pod\"}) by (name) > 0",
          "interval": "",
          "legendFormat": "{{name}}",
          "refId": "A"
        }
      ],
      "thresholds": [],
      "timeFrom": null,
      "timeRegions": [],
      "timeShift": null,
      "title": "Remote Caches in Outage Mode",
      "tooltip": {
        "shared": true,
        "sort": 0,
        "value_type": "individual"
      },
      "type": "graph",
      "xaxis": {
        "buckets": null,
        "mode": "time",
        "name": null,
        "show": true,
        "values": []
      },
      "yaxes": [
        {
          "decimals": 0,
          "format": "short",
          "label": "",
          "logBase": 1,
          "max": null,
          "min": "0",
          "show": true
        },
        {
          "format": "short",
          "label": null,
          "logBase": 1,
          "max": null,
          "min": "0",
          "show": true
        }
      ],
      "yaxis": {
        "align": false,
        "alignLevel": null
      }
    },
    {
      "collapsed": true,
      "datasource": "${DS_PROMETHEUS}",
      "gridPos": {
        "h": 1,
        "w": 24,
        "x": 0,
        "y": 6
      },
      "id": 386,
      "panels": [
        {
          "aliasColors": {},
          "bars": false,
          "dashLength": 10,
          "dashes": false,
          "datasource": "${DS_PROMETHEUS}",
          "decimals": 0,
          "description": "Cache Manager pod must be enabled",
          "fieldConfig": {
            "defaults": {
              "links": []
            },
            "overrides": []
          },
          "fill": 1,
          "fillGradient": 0,
          "gridPos": {
            "h": 12,
            "w": 16,
            "x": 0,
            "y": 7
          },
          "hiddenSeries": false,
          "id": 388,
          "legend": {
            "alignAsTable": true,
            "avg": false,
            "current": false,
            "max": false,
            "min": false,
            "rightSide": true,
            "show": true,
            "total": false,
            "values": false
          },
          "lines": true,
          "linewidth": 1,
          "nullPointMode": "null",
          "options": {
            "alertThreshold": true
          },
          "percentage": false,
          "pluginVersion": "7.5.5",
          "pointradius": 2,
          "points": false,
          "renderer": "flot",
          "repeat": null,
          "repeatDirection": "v",
          "seriesOverrides": [],
          "spaceLength": 10,
          "stack": false,
          "steppedLine": false,
          "targets": [
            {
              "expr": "max( (  hclcache_cache_size_current{ namespace=\"$namespace\", cachespace=\"$environment\", scope=\"remote\", result!=\"error\", name=~\"$cache\" } > 0 ) * on ( namespace, cachespace, name) group_left( redis_instance ) hclcache_cache_remote_node_mapping{ redis_instance =~ \"$redis\"  }) by ( name, redis_instance )  ",
              "interval": "",
              "legendFormat": "{{redis_instance}} - {{name}}",
              "refId": "A"
            }
          ],
          "thresholds": [],
          "timeFrom": null,
          "timeRegions": [],
          "timeShift": null,
          "title": "Remote Cache Sizes",
          "tooltip": {
            "shared": true,
            "sort": 0,
            "value_type": "individual"
          },
          "type": "graph",
          "xaxis": {
            "buckets": null,
            "mode": "time",
            "name": null,
            "show": true,
            "values": []
          },
          "yaxes": [
            {
              "decimals": 0,
              "format": "short",
              "label": "",
              "logBase": 1,
              "max": null,
              "min": "0",
              "show": true
            },
            {
              "decimals": null,
              "format": "short",
              "label": "",
              "logBase": 1,
              "max": null,
              "min": null,
              "show": true
            }
          ],
          "yaxis": {
            "align": false,
            "alignLevel": null
          }
        },
        {
          "aliasColors": {},
          "bars": false,
          "dashLength": 10,
          "dashes": false,
          "datasource": "${DS_PROMETHEUS}",
          "description": "This dashboard only works if Redis is installed\nlocally with metrics enabled",
          "fieldConfig": {
            "defaults": {
              "links": []
            },
            "overrides": []
          },
          "fill": 1,
          "fillGradient": 0,
          "gridPos": {
            "h": 12,
            "w": 8,
            "x": 16,
            "y": 7
          },
          "hiddenSeries": false,
          "id": 390,
          "legend": {
            "avg": false,
            "current": false,
            "max": false,
            "min": false,
            "show": true,
            "total": false,
            "values": false
          },
          "lines": true,
          "linewidth": 1,
          "nullPointMode": "null",
          "options": {
            "alertThreshold": true
          },
          "percentage": false,
          "pluginVersion": "7.5.5",
          "pointradius": 2,
          "points": false,
          "renderer": "flot",
          "seriesOverrides": [],
          "spaceLength": 10,
          "stack": false,
          "steppedLine": false,
          "targets": [
            {
              "expr": "redis_memory_used_bytes",
              "interval": "",
              "legendFormat": "{{instance}} - {{pod}} used",
              "refId": "A"
            },
            {
              "expr": "max(redis_memory_max_bytes)",
              "interval": "",
              "legendFormat": "max",
              "refId": "B"
            }
          ],
          "thresholds": [],
          "timeFrom": null,
          "timeRegions": [],
          "timeShift": null,
          "title": "Redis Memory",
          "tooltip": {
            "shared": true,
            "sort": 0,
            "value_type": "individual"
          },
          "type": "graph",
          "xaxis": {
            "buckets": null,
            "mode": "time",
            "name": null,
            "show": true,
            "values": []
          },
          "yaxes": [
            {
              "format": "decbytes",
              "label": null,
              "logBase": 1,
              "max": null,
              "min": "0",
              "show": true
            },
            {
              "format": "decbytes",
              "label": null,
              "logBase": 1,
              "max": null,
              "min": null,
              "show": true
            }
          ],
          "yaxis": {
            "align": false,
            "alignLevel": null
          }
        }
      ],
      "title": "Remote Cache Size",
      "type": "row"
    },
    {
      "collapsed": true,
      "datasource": "${DS_PROMETHEUS}",
      "gridPos": {
        "h": 1,
        "w": 24,
        "x": 0,
        "y": 7
      },
      "id": 366,
      "panels": [
        {
          "aliasColors": {},
          "bars": true,
          "dashLength": 10,
          "dashes": false,
          "datasource": "${DS_PROMETHEUS}",
          "fieldConfig": {
            "defaults": {
              "links": []
            },
            "overrides": []
          },
          "fill": 1,
          "fillGradient": 0,
          "gridPos": {
            "h": 10,
            "w": 15,
            "x": 0,
            "y": 8
          },
          "hiddenSeries": false,
          "id": 324,
          "interval": "",
          "legend": {
            "avg": false,
            "current": false,
            "max": false,
            "min": false,
            "show": true,
            "total": false,
            "values": false
          },
          "lines": false,
          "linewidth": 1,
          "nullPointMode": "null",
          "options": {
            "alertThreshold": true
          },
          "percentage": false,
          "pluginVersion": "7.5.5",
          "pointradius": 2,
          "points": false,
          "renderer": "flot",
          "seriesOverrides": [],
          "spaceLength": 10,
          "stack": true,
          "steppedLine": false,
          "targets": [
            {
              "expr": "sum(rate(hclcache_cache_puts_duration_seconds_count{ namespace=\"$namespace\", cachespace=\"$environment\", cachespace=\"$environment\", job=~\"$job\", pod=~\"$pod\", scope=\"remote\", result!=\"error\", name=~\"$cache\"}[2m]))",
              "hide": false,
              "interval": "",
              "legendFormat": "put",
              "refId": "A"
            },
            {
              "expr": "sum(rate(hclcache_cache_gets_duration_seconds_count{ namespace=\"$namespace\", cachespace=\"$environment\", job=~\"$job\", pod=~\"$pod\", scope=\"remote\", result!=\"error\", name=~\"$cache\"}[2m]))",
              "interval": "",
              "legendFormat": "get",
              "refId": "B"
            },
            {
              "expr": "sum(rate(hclcache_cache_clears_duration_seconds_count{ namespace=\"$namespace\", cachespace=\"$environment\", job=~\"$job\", pod=~\"$pod\", scope=\"remote\", result!=\"error\", name=~\"$cache\"}[2m]))",
              "interval": "",
              "legendFormat": "clear",
              "refId": "C"
            },
            {
              "expr": "sum(rate(hclcache_cache_invalidates_duration_seconds_count{ namespace=\"$namespace\", cachespace=\"$environment\", job=~\"$job\", pod=~\"$pod\", scope=\"remote\", result!=\"error\", name=~\"$cache\"}[2m]))",
              "interval": "",
              "legendFormat": "invalidate",
              "refId": "D"
            }
          ],
          "thresholds": [],
          "timeFrom": null,
          "timeRegions": [],
          "timeShift": null,
          "title": "Remote Operations per second",
          "tooltip": {
            "shared": true,
            "sort": 0,
            "value_type": "individual"
          },
          "type": "graph",
          "xaxis": {
            "buckets": null,
            "mode": "time",
            "name": null,
            "show": true,
            "values": []
          },
          "yaxes": [
            {
              "$$hashKey": "object:1508",
              "format": "short",
              "label": null,
              "logBase": 1,
              "max": null,
              "min": "0",
              "show": true
            },
            {
              "$$hashKey": "object:1509",
              "format": "short",
              "label": null,
              "logBase": 1,
              "max": null,
              "min": null,
              "show": true
            }
          ],
          "yaxis": {
            "align": false,
            "alignLevel": null
          }
        },
        {
          "aliasColors": {},
          "bars": false,
          "dashLength": 10,
          "dashes": false,
          "datasource": "${DS_PROMETHEUS}",
          "fieldConfig": {
            "defaults": {
              "links": []
            },
            "overrides": []
          },
          "fill": 1,
          "fillGradient": 0,
          "gridPos": {
            "h": 10,
            "w": 9,
            "x": 15,
            "y": 8
          },
          "hiddenSeries": false,
          "id": 95,
          "interval": "",
          "legend": {
            "avg": false,
            "current": false,
            "max": false,
            "min": false,
            "show": true,
            "total": false,
            "values": false
          },
          "lines": true,
          "linewidth": 1,
          "nullPointMode": "null",
          "options": {
            "alertThreshold": true
          },
          "percentage": false,
          "pluginVersion": "7.5.5",
          "pointradius": 2,
          "points": false,
          "renderer": "flot",
          "seriesOverrides": [],
          "spaceLength": 10,
          "stack": true,
          "steppedLine": false,
          "targets": [
            {
              "expr": "sum(increase(hclcache_cache_puts_duration_seconds_count{ namespace=\"$namespace\", cachespace=\"$environment\", job=~\"$job\", pod=~\"$pod\", scope=\"remote\", result=\"error\", name=~\"$cache\"}[2m]))",
              "hide": false,
              "interval": "",
              "legendFormat": "put",
              "refId": "A"
            },
            {
              "expr": "sum(increase(hclcache_cache_gets_duration_seconds_count{ namespace=\"$namespace\", cachespace=\"$environment\", job=~\"$job\", pod=~\"$pod\", scope=\"remote\", result=\"error\", name=~\"$cache\"}[2m]))",
              "interval": "",
              "legendFormat": "get",
              "refId": "B"
            },
            {
              "expr": "sum(increase(hclcache_cache_clears_duration_seconds_count{ namespace=\"$namespace\", cachespace=\"$environment\", job=~\"$job\", pod=~\"$pod\", scope=\"remote\", result=\"error\", name=~\"$cache\"}[2m]))",
              "interval": "",
              "legendFormat": "clear",
              "refId": "C"
            },
            {
              "expr": "sum(increase(hclcache_cache_invalidates_duration_seconds_count{ namespace=\"$namespace\", cachespace=\"$environment\", job=~\"$job\", pod=~\"$pod\", scope=\"remote\", result=\"error\", name=~\"$cache\"}[2m]))",
              "interval": "",
              "legendFormat": "invalidate",
              "refId": "D"
            }
          ],
          "thresholds": [],
          "timeFrom": null,
          "timeRegions": [],
          "timeShift": null,
          "title": "Remote Error Count",
          "tooltip": {
            "shared": true,
            "sort": 0,
            "value_type": "individual"
          },
          "type": "graph",
          "xaxis": {
            "buckets": null,
            "mode": "time",
            "name": null,
            "show": true,
            "values": []
          },
          "yaxes": [
            {
              "format": "short",
              "label": null,
              "logBase": 1,
              "max": null,
              "min": "0",
              "show": true
            },
            {
              "format": "short",
              "label": null,
              "logBase": 1,
              "max": null,
              "min": null,
              "show": true
            }
          ],
          "yaxis": {
            "align": false,
            "alignLevel": null
          }
        },
        {
          "aliasColors": {},
          "bars": true,
          "dashLength": 10,
          "dashes": false,
          "datasource": "${DS_PROMETHEUS}",
          "fieldConfig": {
            "defaults": {
              "unit": "short"
            },
            "overrides": []
          },
          "fill": 1,
          "fillGradient": 0,
          "gridPos": {
            "h": 11,
            "w": 6,
            "x": 0,
            "y": 18
          },
          "hiddenSeries": false,
          "id": 370,
          "interval": "",
          "legend": {
            "alignAsTable": true,
            "avg": false,
            "current": false,
            "hideZero": true,
            "max": false,
            "min": false,
            "rightSide": false,
            "show": true,
            "total": false,
            "values": false
          },
          "lines": false,
          "linewidth": 1,
          "nullPointMode": "null",
          "options": {
            "alertThreshold": false
          },
          "percentage": false,
          "pluginVersion": "7.5.5",
          "pointradius": 2,
          "points": false,
          "renderer": "flot",
          "repeat": null,
          "seriesOverrides": [],
          "spaceLength": 10,
          "stack": true,
          "steppedLine": false,
          "targets": [
            {
              "exemplar": true,
              "expr": "\r\nsum(rate(hclcache_cache_gets_duration_seconds_count{ namespace=\"$namespace\", cachespace=\"$environment\", job=~\"$job\", pod=~\"$pod\", scope=\"remote\", name=~\"$cache\" }[2m])) by (name) > 0\r\r",
              "hide": false,
              "interval": "",
              "legendFormat": "{{name}}",
              "refId": "A"
            }
          ],
          "thresholds": [],
          "timeFrom": null,
          "timeRegions": [],
          "timeShift": null,
          "title": "Get Ops per Cache per second",
          "tooltip": {
            "shared": true,
            "sort": 2,
            "value_type": "individual"
          },
          "transformations": [],
          "type": "graph",
          "xaxis": {
            "buckets": null,
            "mode": "time",
            "name": null,
            "show": true,
            "values": []
          },
          "yaxes": [
            {
              "$$hashKey": "object:1263",
              "format": "short",
              "label": null,
              "logBase": 1,
              "max": null,
              "min": "0",
              "show": true
            },
            {
              "$$hashKey": "object:1264",
              "format": "short",
              "label": null,
              "logBase": 1,
              "max": null,
              "min": null,
              "show": true
            }
          ],
          "yaxis": {
            "align": false,
            "alignLevel": null
          }
        },
        {
          "aliasColors": {},
          "bars": true,
          "dashLength": 10,
          "dashes": false,
          "datasource": "${DS_PROMETHEUS}",
          "fieldConfig": {
            "defaults": {
              "unit": "short"
            },
            "overrides": []
          },
          "fill": 1,
          "fillGradient": 0,
          "gridPos": {
            "h": 11,
            "w": 6,
            "x": 6,
            "y": 18
          },
          "hiddenSeries": false,
          "id": 402,
          "interval": "",
          "legend": {
            "alignAsTable": true,
            "avg": false,
            "current": false,
            "hideZero": true,
            "max": false,
            "min": false,
            "rightSide": false,
            "show": true,
            "total": false,
            "values": false
          },
          "lines": false,
          "linewidth": 1,
          "nullPointMode": "null",
          "options": {
            "alertThreshold": false
          },
          "percentage": false,
          "pluginVersion": "7.5.5",
          "pointradius": 2,
          "points": false,
          "renderer": "flot",
          "seriesOverrides": [],
          "spaceLength": 10,
          "stack": true,
          "steppedLine": false,
          "targets": [
            {
              "exemplar": true,
              "expr": "sum(rate(hclcache_cache_puts_duration_seconds_count{ namespace=\"$namespace\",cachespace=\"$environment\", job=~\"$job\", pod=~\"$pod\", scope=\"remote\", name=~\"$cache\" }[2m]) ) by (name) ",
              "interval": "",
              "legendFormat": "{{ name }}",
              "refId": "A"
            }
          ],
          "thresholds": [],
          "timeFrom": null,
          "timeRegions": [],
          "timeShift": null,
          "title": "Put Ops per Cache per second",
          "tooltip": {
            "shared": true,
            "sort": 2,
            "value_type": "individual"
          },
          "transformations": [],
          "type": "graph",
          "xaxis": {
            "buckets": null,
            "mode": "time",
            "name": null,
            "show": true,
            "values": []
          },
          "yaxes": [
            {
              "$$hashKey": "object:1263",
              "format": "short",
              "label": null,
              "logBase": 1,
              "max": null,
              "min": "0",
              "show": true
            },
            {
              "$$hashKey": "object:1264",
              "format": "short",
              "label": null,
              "logBase": 1,
              "max": null,
              "min": null,
              "show": true
            }
          ],
          "yaxis": {
            "align": false,
            "alignLevel": null
          }
        },
        {
          "aliasColors": {},
          "bars": true,
          "dashLength": 10,
          "dashes": false,
          "datasource": "${DS_PROMETHEUS}",
          "fieldConfig": {
            "defaults": {
              "unit": "short"
            },
            "overrides": []
          },
          "fill": 1,
          "fillGradient": 0,
          "gridPos": {
            "h": 11,
            "w": 6,
            "x": 12,
            "y": 18
          },
          "hiddenSeries": false,
          "id": 403,
          "interval": "",
          "legend": {
            "alignAsTable": true,
            "avg": false,
            "current": false,
            "hideZero": true,
            "max": false,
            "min": false,
            "rightSide": false,
            "show": true,
            "total": false,
            "values": false
          },
          "lines": false,
          "linewidth": 1,
          "nullPointMode": "null",
          "options": {
            "alertThreshold": false
          },
          "percentage": false,
          "pluginVersion": "7.5.5",
          "pointradius": 2,
          "points": false,
          "renderer": "flot",
          "seriesOverrides": [],
          "spaceLength": 10,
          "stack": true,
          "steppedLine": false,
          "targets": [
            {
              "exemplar": true,
              "expr": "sum(rate(hclcache_cache_clears_duration_seconds_count{ namespace=\"$namespace\",cachespace=\"$environment\", job=~\"$job\", pod=~\"$pod\", scope=\"remote\", name=~\"$cache\" }[2m]) ) by (name) ",
              "interval": "",
              "legendFormat": "{{ name }}",
              "refId": "A"
            }
          ],
          "thresholds": [],
          "timeFrom": null,
          "timeRegions": [],
          "timeShift": null,
          "title": "Clear Ops per Cache per second",
          "tooltip": {
            "shared": true,
            "sort": 2,
            "value_type": "individual"
          },
          "transformations": [],
          "type": "graph",
          "xaxis": {
            "buckets": null,
            "mode": "time",
            "name": null,
            "show": true,
            "values": []
          },
          "yaxes": [
            {
              "$$hashKey": "object:1263",
              "format": "short",
              "label": null,
              "logBase": 1,
              "max": null,
              "min": "0",
              "show": true
            },
            {
              "$$hashKey": "object:1264",
              "format": "short",
              "label": null,
              "logBase": 1,
              "max": null,
              "min": null,
              "show": true
            }
          ],
          "yaxis": {
            "align": false,
            "alignLevel": null
          }
        },
        {
          "aliasColors": {},
          "bars": true,
          "dashLength": 10,
          "dashes": false,
          "datasource": "${DS_PROMETHEUS}",
          "fieldConfig": {
            "defaults": {
              "unit": "short"
            },
            "overrides": []
          },
          "fill": 1,
          "fillGradient": 0,
          "gridPos": {
            "h": 11,
            "w": 6,
            "x": 18,
            "y": 18
          },
          "hiddenSeries": false,
          "id": 404,
          "interval": "",
          "legend": {
            "alignAsTable": true,
            "avg": false,
            "current": false,
            "hideZero": true,
            "max": false,
            "min": false,
            "rightSide": false,
            "show": true,
            "total": false,
            "values": false
          },
          "lines": false,
          "linewidth": 1,
          "nullPointMode": "null",
          "options": {
            "alertThreshold": false
          },
          "percentage": false,
          "pluginVersion": "7.5.5",
          "pointradius": 2,
          "points": false,
          "renderer": "flot",
          "seriesOverrides": [],
          "spaceLength": 10,
          "stack": true,
          "steppedLine": false,
          "targets": [
            {
              "exemplar": true,
              "expr": "sum(rate(hclcache_cache_invalidates_duration_seconds_count{ namespace=\"$namespace\",cachespace=\"$environment\", job=~\"$job\", pod=~\"$pod\", scope=\"remote\", name=~\"$cache\" }[2m]) ) by (name) ",
              "interval": "",
              "legendFormat": "{{ name }}",
              "refId": "A"
            }
          ],
          "thresholds": [],
          "timeFrom": null,
          "timeRegions": [],
          "timeShift": null,
          "title": "Invalidate Ops per Cache per second",
          "tooltip": {
            "shared": true,
            "sort": 2,
            "value_type": "individual"
          },
          "transformations": [],
          "type": "graph",
          "xaxis": {
            "buckets": null,
            "mode": "time",
            "name": null,
            "show": true,
            "values": []
          },
          "yaxes": [
            {
              "$$hashKey": "object:1263",
              "format": "short",
              "label": null,
              "logBase": 1,
              "max": null,
              "min": "0",
              "show": true
            },
            {
              "$$hashKey": "object:1264",
              "format": "short",
              "label": null,
              "logBase": 1,
              "max": null,
              "min": null,
              "show": true
            }
          ],
          "yaxis": {
            "align": false,
            "alignLevel": null
          }
        }
      ],
      "title": "Remote Operations",
      "type": "row"
    },
    {
      "collapsed": true,
      "datasource": "${DS_PROMETHEUS}",
      "gridPos": {
        "h": 1,
        "w": 24,
        "x": 0,
        "y": 8
      },
      "id": 364,
      "panels": [
        {
          "aliasColors": {},
          "bars": false,
          "dashLength": 10,
          "dashes": false,
          "datasource": "${DS_PROMETHEUS}",
          "fieldConfig": {
            "defaults": {
              "links": []
            },
            "overrides": []
          },
          "fill": 1,
          "fillGradient": 0,
          "gridPos": {
            "h": 8,
            "w": 16,
            "x": 0,
            "y": 9
          },
          "hiddenSeries": false,
          "id": 361,
          "legend": {
            "alignAsTable": true,
            "avg": false,
            "current": false,
            "max": false,
            "min": false,
            "rightSide": true,
            "show": true,
            "total": false,
            "values": false
          },
          "lines": true,
          "linewidth": 1,
          "nullPointMode": "null",
          "options": {
            "alertThreshold": true
          },
          "percentage": false,
          "pluginVersion": "7.5.5",
          "pointradius": 2,
          "points": false,
          "renderer": "flot",
          "seriesOverrides": [],
          "spaceLength": 10,
          "stack": false,
          "steppedLine": false,
          "targets": [
            {
              "expr": "sum(rate(hclcache_cache_gets_duration_seconds_sum{ namespace=\"$namespace\", cachespace=\"$environment\", job=~\"$job\", pod=~\"$pod\", scope=\"remote\", name=~\"$cache\" }[2m])) / sum(rate(hclcache_cache_gets_duration_seconds_count{ namespace=\"$namespace\", job=~\"$job\", pod=~\"$pod\", scope=\"remote\", name=~\"$cache\" }[2m]))",
              "interval": "",
              "legendFormat": "get",
              "refId": "A"
            },
            {
              "expr": "sum(rate(hclcache_cache_puts_duration_seconds_sum{ namespace=\"$namespace\", cachespace=\"$environment\", job=~\"$job\", pod=~\"$pod\", scope=\"remote\", name=~\"$cache\" }[2m])) / sum(rate(hclcache_cache_puts_duration_seconds_count{ namespace=\"$namespace\", job=~\"$job\", pod=~\"$pod\", scope=\"remote\", name=~\"$cache\" }[2m]))",
              "interval": "",
              "legendFormat": "put",
              "refId": "B"
            },
            {
              "expr": "sum(rate(hclcache_cache_removes_duration_seconds_sum{ namespace=\"$namespace\", cachespace=\"$environment\", job=~\"$job\", pod=~\"$pod\", scope=\"remote\", name=~\"$cache\" }[2m])) / sum(rate(hclcache_cache_puts_duration_seconds_count{ namespace=\"$namespace\", job=~\"$job\", pod=~\"$pod\", scope=\"remote\", name=~\"$cache\" }[2m]))",
              "interval": "",
              "legendFormat": "remove",
              "refId": "C"
            },
            {
              "expr": "sum(rate(hclcache_cache_invalidates_duration_seconds_sum{ namespace=\"$namespace\", cachespace=\"$environment\", job=~\"$job\", pod=~\"$pod\", scope=\"remote\", name=~\"$cache\" }[2m])) / sum(rate(hclcache_cache_puts_duration_seconds_count{ namespace=\"$namespace\", job=~\"$job\", pod=~\"$pod\", scope=\"remote\", name=~\"$cache\" }[2m]))",
              "interval": "",
              "legendFormat": "invalidate",
              "refId": "D"
            }
          ],
          "thresholds": [],
          "timeFrom": null,
          "timeRegions": [],
          "timeShift": null,
          "title": "Remote Average Durations",
          "tooltip": {
            "shared": true,
            "sort": 0,
            "value_type": "individual"
          },
          "type": "graph",
          "xaxis": {
            "buckets": null,
            "mode": "time",
            "name": null,
            "show": true,
            "values": []
          },
          "yaxes": [
            {
              "format": "s",
              "label": null,
              "logBase": 1,
              "max": null,
              "min": "0",
              "show": true
            },
            {
              "format": "short",
              "label": null,
              "logBase": 1,
              "max": null,
              "min": null,
              "show": true
            }
          ],
          "yaxis": {
            "align": false,
            "alignLevel": null
          }
        },
        {
          "aliasColors": {},
          "bars": false,
          "dashLength": 10,
          "dashes": false,
          "datasource": "${DS_PROMETHEUS}",
          "fieldConfig": {
            "defaults": {
              "links": []
            },
            "overrides": []
          },
          "fill": 1,
          "fillGradient": 0,
          "gridPos": {
            "h": 8,
            "w": 8,
            "x": 0,
            "y": 17
          },
          "hiddenSeries": false,
          "id": 360,
          "legend": {
            "alignAsTable": true,
            "avg": false,
            "current": false,
            "max": false,
            "min": false,
            "rightSide": true,
            "show": true,
            "total": false,
            "values": false
          },
          "lines": true,
          "linewidth": 1,
          "nullPointMode": "null",
          "options": {
            "alertThreshold": true
          },
          "percentage": false,
          "pluginVersion": "7.5.5",
          "pointradius": 2,
          "points": false,
          "renderer": "flot",
          "seriesOverrides": [],
          "spaceLength": 10,
          "stack": false,
          "steppedLine": false,
          "targets": [
            {
              "exemplar": true,
              "expr": "histogram_quantile(0.95, sum(rate(hclcache_cache_gets_duration_seconds_bucket{ namespace=\"$namespace\", cachespace=\"$environment\", cachespace=\"$environment\",job=~\"$job\", pod=~\"$pod\", scope=\"remote\", name=~\"$cache\" }[5m])) by (le))",
              "interval": "",
              "legendFormat": "get",
              "refId": "A"
            },
            {
              "exemplar": true,
              "expr": "histogram_quantile(0.95, sum(rate(hclcache_cache_puts_duration_seconds_bucket{ namespace=\"$namespace\", cachespace=\"$environment\", job=~\"$job\", pod=~\"$pod\", scope=\"remote\", name=~\"$cache\"}[5m])) by (le))",
              "interval": "",
              "legendFormat": "put ",
              "refId": "C"
            },
            {
              "exemplar": true,
              "expr": "histogram_quantile(0.95, sum(rate(hclcache_cache_clears_duration_seconds_bucket{ namespace=\"$namespace\", cachespace=\"$environment\", job=~\"$job\", pod=~\"$pod\", scope=\"remote\", name=~\"$cache\"}[5m])) by (le))",
              "interval": "",
              "legendFormat": "clear",
              "refId": "B"
            },
            {
              "exemplar": true,
              "expr": "histogram_quantile(0.95, sum(rate(hclcache_cache_invalidates_duration_seconds_bucket{ namespace=\"$namespace\", cachespace=\"$environment\", job=~\"$job\", pod=~\"$pod\", scope=\"remote\", name=~\"$cache\" }[5m])) by (le))",
              "interval": "",
              "legendFormat": "invalidate",
              "refId": "D"
            },
            {
              "exemplar": true,
              "expr": "histogram_quantile(0.95, sum(rate(hclcache_cache_removes_duration_seconds_bucket{ namespace=\"$namespace\", cachespace=\"$environment\", job=~\"$job\", pod=~\"$pod\", scope=\"remote\", name=~\"$cache\" }[5m])) by (le))",
              "interval": "",
              "legendFormat": "remove",
              "refId": "E"
            }
          ],
          "thresholds": [],
          "timeFrom": null,
          "timeRegions": [],
          "timeShift": null,
          "title": "Remote Operations - 95% Percentile",
          "tooltip": {
            "shared": true,
            "sort": 0,
            "value_type": "individual"
          },
          "type": "graph",
          "xaxis": {
            "buckets": null,
            "mode": "time",
            "name": null,
            "show": true,
            "values": []
          },
          "yaxes": [
            {
              "$$hashKey": "object:59",
              "format": "s",
              "label": null,
              "logBase": 1,
              "max": null,
              "min": "0",
              "show": true
            },
            {
              "$$hashKey": "object:60",
              "format": "short",
              "label": null,
              "logBase": 1,
              "max": null,
              "min": null,
              "show": true
            }
          ],
          "yaxis": {
            "align": false,
            "alignLevel": null
          }
        },
        {
          "aliasColors": {},
          "bars": false,
          "dashLength": 10,
          "dashes": false,
          "datasource": "${DS_PROMETHEUS}",
          "fieldConfig": {
            "defaults": {
              "links": []
            },
            "overrides": []
          },
          "fill": 1,
          "fillGradient": 0,
          "gridPos": {
            "h": 8,
            "w": 8,
            "x": 8,
            "y": 17
          },
          "hiddenSeries": false,
          "id": 369,
          "legend": {
            "alignAsTable": true,
            "avg": false,
            "current": false,
            "max": false,
            "min": false,
            "rightSide": true,
            "show": true,
            "total": false,
            "values": false
          },
          "lines": true,
          "linewidth": 1,
          "nullPointMode": "null",
          "options": {
            "alertThreshold": true
          },
          "percentage": false,
          "pluginVersion": "7.5.5",
          "pointradius": 2,
          "points": false,
          "renderer": "flot",
          "seriesOverrides": [],
          "spaceLength": 10,
          "stack": false,
          "steppedLine": false,
          "targets": [
            {
              "exemplar": true,
              "expr": "histogram_quantile(0.99, sum(rate(hclcache_cache_gets_duration_seconds_bucket{ namespace=\"$namespace\", cachespace=\"$environment\", job=~\"$job\", pod=~\"$pod\", scope=\"remote\", name=~\"$cache\"  }[5m])) by (le))",
              "interval": "",
              "legendFormat": "get",
              "refId": "A"
            },
            {
              "exemplar": true,
              "expr": "histogram_quantile(0.99, sum(rate(hclcache_cache_puts_duration_seconds_bucket{ namespace=\"$namespace\", cachespace=\"$environment\", job=~\"$job\", pod=~\"$pod\", scope=\"remote\", name=~\"$cache\"}[5m])) by (le))",
              "interval": "",
              "legendFormat": "put ",
              "refId": "C"
            },
            {
              "exemplar": true,
              "expr": "histogram_quantile(0.99, sum(rate(hclcache_cache_clears_duration_seconds_bucket{ namespace=\"$namespace\", cachespace=\"$environment\", job=~\"$job\", pod=~\"$pod\", scope=\"remote\", name=~\"$cache\" }[5m])) by (le))",
              "interval": "",
              "legendFormat": "clear",
              "refId": "B"
            },
            {
              "exemplar": true,
              "expr": "histogram_quantile(0.99, sum(rate(hclcache_cache_invalidates_duration_seconds_bucket{ namespace=\"$namespace\", cachespace=\"$environment\", job=~\"$job\", pod=~\"$pod\", scope=\"remote\", name=~\"$cache\" }[5m])) by (le))",
              "interval": "",
              "legendFormat": "invalidate",
              "refId": "D"
            },
            {
              "exemplar": true,
              "expr": "histogram_quantile(0.99, sum(rate(hclcache_cache_removes_duration_seconds_bucket{ namespace=\"$namespace\", cachespace=\"$environment\", job=~\"$job\", pod=~\"$pod\", scope=\"remote\", name=~\"$cache\" }[5m])) by (le))",
              "interval": "",
              "legendFormat": "remove",
              "refId": "E"
            }
          ],
          "thresholds": [],
          "timeFrom": null,
          "timeRegions": [],
          "timeShift": null,
          "title": "Remote Operations - 99% Percentile",
          "tooltip": {
            "shared": true,
            "sort": 0,
            "value_type": "individual"
          },
          "type": "graph",
          "xaxis": {
            "buckets": null,
            "mode": "time",
            "name": null,
            "show": true,
            "values": []
          },
          "yaxes": [
            {
              "$$hashKey": "object:117",
              "format": "s",
              "label": null,
              "logBase": 1,
              "max": null,
              "min": null,
              "show": true
            },
            {
              "$$hashKey": "object:118",
              "format": "short",
              "label": null,
              "logBase": 1,
              "max": null,
              "min": "0",
              "show": true
            }
          ],
          "yaxis": {
            "align": false,
            "alignLevel": null
          }
        }
      ],
      "title": "Response Times",
      "type": "row"
    },
    {
      "collapsed": true,
      "datasource": "${DS_PROMETHEUS}",
      "gridPos": {
        "h": 1,
        "w": 24,
        "x": 0,
        "y": 9
      },
      "id": 368,
      "panels": [
        {
          "aliasColors": {},
          "bars": false,
          "dashLength": 10,
          "dashes": false,
          "datasource": "${DS_PROMETHEUS}",
          "fieldConfig": {
            "defaults": {
              "links": []
            },
            "overrides": []
          },
          "fill": 1,
          "fillGradient": 0,
          "gridPos": {
            "h": 8,
            "w": 13,
            "x": 0,
            "y": 10
          },
          "hiddenSeries": false,
          "id": 325,
          "interval": "",
          "legend": {
            "avg": false,
            "current": false,
            "max": false,
            "min": false,
            "show": true,
            "total": false,
            "values": false
          },
          "lines": true,
          "linewidth": 1,
          "nullPointMode": "null",
          "options": {
            "alertThreshold": true
          },
          "percentage": false,
          "pluginVersion": "7.5.5",
          "pointradius": 2,
          "points": false,
          "renderer": "flot",
          "seriesOverrides": [],
          "spaceLength": 10,
          "stack": true,
          "steppedLine": false,
          "targets": [
            {
              "expr": "sum by (result) (rate(hclcache_cache_gets_duration_seconds_count{ namespace=\"$namespace\", cachespace=\"$environment\", job=~\"$job\", pod=~\"$pod\", scope=\"remote\", result !=\"error\", name=~\"$cache\"}[2m]))",
              "hide": false,
              "interval": "",
              "legendFormat": "{{result}}",
              "refId": "A"
            }
          ],
          "thresholds": [],
          "timeFrom": null,
          "timeRegions": [],
          "timeShift": null,
          "title": "Remote Gets per second",
          "tooltip": {
            "shared": true,
            "sort": 0,
            "value_type": "individual"
          },
          "type": "graph",
          "xaxis": {
            "buckets": null,
            "mode": "time",
            "name": null,
            "show": true,
            "values": []
          },
          "yaxes": [
            {
              "format": "short",
              "label": null,
              "logBase": 1,
              "max": null,
              "min": "0",
              "show": true
            },
            {
              "format": "short",
              "label": null,
              "logBase": 1,
              "max": null,
              "min": null,
              "show": true
            }
          ],
          "yaxis": {
            "align": false,
            "alignLevel": null
          }
        },
        {
          "datasource": "${DS_PROMETHEUS}",
          "fieldConfig": {
            "defaults": {
              "decimals": 0,
              "mappings": [],
              "max": 1,
              "min": 0,
              "thresholds": {
                "mode": "absolute",
                "steps": [
                  {
                    "color": "green",
                    "value": null
                  },
                  {
                    "color": "red",
                    "value": 80
                  }
                ]
              },
              "unit": "percentunit"
            },
            "overrides": []
          },
          "gridPos": {
            "h": 8,
            "w": 3,
            "x": 13,
            "y": 10
          },
          "id": 326,
          "options": {
            "colorMode": "value",
            "graphMode": "area",
            "justifyMode": "auto",
            "orientation": "auto",
            "reduceOptions": {
              "calcs": [
                "mean"
              ],
              "fields": "",
              "values": false
            },
            "text": {},
            "textMode": "auto"
          },
          "pluginVersion": "7.5.5",
          "targets": [
            {
              "expr": "sum(rate(hclcache_cache_gets_duration_seconds_count{ namespace=\"$namespace\", cachespace=\"$environment\", job=~\"$job\", pod=~\"$pod\", scope=\"remote\", result =\"hit\", name=~\"$cache\"}[2m])) / sum(rate(hclcache_cache_gets_duration_seconds_count{ namespace=\"$namespace\", cachespace=\"$environment\", job=~\"$job\", pod=~\"$pod\", scope=\"remote\", result !=\"error\", name=~\"$cache\"}[2m]))",
              "hide": false,
              "instant": false,
              "interval": "",
              "legendFormat": "{{result}}",
              "refId": "A"
            }
          ],
          "timeFrom": null,
          "timeShift": null,
          "title": "Remote Hit Ratio",
          "type": "stat"
        }
      ],
      "title": "Hit Ratios",
      "type": "row"
    },
    {
      "collapsed": true,
      "datasource": "${DS_PROMETHEUS}",
      "gridPos": {
        "h": 1,
        "w": 24,
        "x": 0,
        "y": 10
      },
      "id": 378,
      "panels": [
        {
          "aliasColors": {},
          "bars": false,
          "dashLength": 10,
          "dashes": false,
          "datasource": "${DS_PROMETHEUS}",
          "description": "",
          "fieldConfig": {
            "defaults": {
              "links": []
            },
            "overrides": []
          },
          "fill": 1,
          "fillGradient": 0,
          "gridPos": {
            "h": 11,
            "w": 11,
            "x": 0,
            "y": 11
          },
          "hiddenSeries": false,
          "id": 381,
          "legend": {
            "alignAsTable": true,
            "avg": false,
            "current": false,
            "max": false,
            "min": false,
            "rightSide": false,
            "show": true,
            "total": false,
            "values": false
          },
          "lines": true,
          "linewidth": 1,
          "nullPointMode": "null",
          "options": {
            "alertThreshold": true
          },
          "percentage": false,
          "pluginVersion": "7.5.5",
          "pointradius": 2,
          "points": false,
          "renderer": "flot",
          "seriesOverrides": [],
          "spaceLength": 10,
          "stack": false,
          "steppedLine": false,
          "targets": [
            {
              "expr": "sum(rate(hclcache_cache_invalidation_messages_total{ namespace=\"$namespace\", cachespace=\"$environment\", job=~\"$job\", pod=~\"$pod\", type=\"dependency\", name=~\"$cache\"} [2m] ) ) by (name) > 0",
              "interval": "",
              "legendFormat": "{{name}}",
              "refId": "A"
            }
          ],
          "thresholds": [],
          "timeFrom": null,
          "timeRegions": [],
          "timeShift": null,
          "title": "Dependency Invalidation",
          "tooltip": {
            "shared": true,
            "sort": 0,
            "value_type": "individual"
          },
          "type": "graph",
          "xaxis": {
            "buckets": null,
            "mode": "time",
            "name": null,
            "show": true,
            "values": []
          },
          "yaxes": [
            {
              "format": "short",
              "label": null,
              "logBase": 1,
              "max": null,
              "min": "0",
              "show": true
            },
            {
              "format": "short",
              "label": null,
              "logBase": 1,
              "max": null,
              "min": null,
              "show": true
            }
          ],
          "yaxis": {
            "align": false,
            "alignLevel": null
          }
        },
        {
          "aliasColors": {},
          "bars": false,
          "dashLength": 10,
          "dashes": false,
          "datasource": "${DS_PROMETHEUS}",
          "description": "",
          "fieldConfig": {
            "defaults": {
              "links": []
            },
            "overrides": []
          },
          "fill": 1,
          "fillGradient": 0,
          "gridPos": {
            "h": 11,
            "w": 13,
            "x": 11,
            "y": 11
          },
          "hiddenSeries": false,
          "id": 382,
          "legend": {
            "alignAsTable": true,
            "avg": false,
            "current": false,
            "max": false,
            "min": false,
            "rightSide": false,
            "show": true,
            "total": false,
            "values": false
          },
          "lines": true,
          "linewidth": 1,
          "nullPointMode": "null",
          "options": {
            "alertThreshold": true
          },
          "percentage": false,
          "pluginVersion": "7.5.5",
          "pointradius": 2,
          "points": false,
          "renderer": "flot",
          "seriesOverrides": [],
          "spaceLength": 10,
          "stack": false,
          "steppedLine": false,
          "targets": [
            {
              "expr": "sum(rate(hclcache_cache_invalidation_messages_total{ namespace=\"$namespace\", cachespace=\"$environment\", job=~\"$job\", pod=~\"$pod\", type=\"clear\", name=~\"$cache\"}[2m])) by (name) > 0",
              "interval": "",
              "legendFormat": "{{name}}",
              "refId": "A"
            }
          ],
          "thresholds": [],
          "timeFrom": null,
          "timeRegions": [],
          "timeShift": null,
          "title": "Cache Clear Invalidation",
          "tooltip": {
            "shared": true,
            "sort": 0,
            "value_type": "individual"
          },
          "type": "graph",
          "xaxis": {
            "buckets": null,
            "mode": "time",
            "name": null,
            "show": true,
            "values": []
          },
          "yaxes": [
            {
              "format": "short",
              "label": null,
              "logBase": 1,
              "max": null,
              "min": "0",
              "show": true
            },
            {
              "format": "short",
              "label": null,
              "logBase": 1,
              "max": null,
              "min": null,
              "show": true
            }
          ],
          "yaxis": {
            "align": false,
            "alignLevel": null
          }
        }
      ],
      "title": "Invalidation Messages",
      "type": "row"
    },
    {
      "collapsed": true,
      "datasource": "${DS_PROMETHEUS}",
      "gridPos": {
        "h": 1,
        "w": 24,
        "x": 0,
        "y": 11
      },
      "id": 392,
      "panels": [
        {
          "aliasColors": {},
          "bars": false,
          "dashLength": 10,
          "dashes": false,
          "datasource": "${DS_PROMETHEUS}",
          "decimals": 0,
          "description": "This chart shows the number of keys  that have expired and are pending to be removed by the maintenance processes. Large numbers could indicate maintenance is failing or behind\nCache Manager pod must be enabled\n",
          "fieldConfig": {
            "defaults": {
              "links": []
            },
            "overrides": []
          },
          "fill": 1,
          "fillGradient": 0,
          "gridPos": {
            "h": 10,
            "w": 12,
            "x": 0,
            "y": 12
          },
          "hiddenSeries": false,
          "id": 400,
          "legend": {
            "alignAsTable": true,
            "avg": false,
            "current": false,
            "max": false,
            "min": false,
            "rightSide": true,
            "show": true,
            "total": false,
            "values": false
          },
          "lines": true,
          "linewidth": 1,
          "nullPointMode": "null",
          "options": {
            "alertThreshold": true
          },
          "percentage": false,
          "pluginVersion": "7.5.5",
          "pointradius": 2,
          "points": false,
          "renderer": "flot",
          "repeatDirection": "v",
          "seriesOverrides": [],
          "spaceLength": 10,
          "stack": false,
          "steppedLine": false,
          "targets": [
            {
              "expr": "sum( hclcache_cache_size_maintenance{ namespace=\"$namespace\", cachespace=\"$environment\", job=~\"$job\", pod=~\"$pod\", scope=\"remote\", name=~\"$cache\" } ) by ( name )  > 0",
              "interval": "",
              "legendFormat": "{{name}}",
              "refId": "A"
            }
          ],
          "thresholds": [],
          "timeFrom": null,
          "timeRegions": [],
          "timeShift": null,
          "title": "Number of Expired Keys Pending Maintenance",
          "tooltip": {
            "shared": true,
            "sort": 0,
            "value_type": "individual"
          },
          "type": "graph",
          "xaxis": {
            "buckets": null,
            "mode": "time",
            "name": null,
            "show": true,
            "values": []
          },
          "yaxes": [
            {
              "decimals": 0,
              "format": "short",
              "label": "",
              "logBase": 1,
              "max": null,
              "min": "0",
              "show": true
            },
            {
              "decimals": null,
              "format": "short",
              "label": "",
              "logBase": 1,
              "max": null,
              "min": null,
              "show": true
            }
          ],
          "yaxis": {
            "align": false,
            "alignLevel": null
          }
        },
        {
          "aliasColors": {},
          "bars": false,
          "dashLength": 10,
          "dashes": false,
          "datasource": "${DS_PROMETHEUS}",
          "description": "",
          "fieldConfig": {
            "defaults": {
              "links": []
            },
            "overrides": []
          },
          "fill": 1,
          "fillGradient": 0,
          "gridPos": {
            "h": 10,
            "w": 12,
            "x": 12,
            "y": 12
          },
          "hiddenSeries": false,
          "id": 394,
          "legend": {
            "alignAsTable": true,
            "avg": false,
            "current": false,
            "max": false,
            "min": false,
            "rightSide": true,
            "show": true,
            "total": false,
            "values": false
          },
          "lines": true,
          "linewidth": 1,
          "nullPointMode": "null",
          "options": {
            "alertThreshold": true
          },
          "percentage": false,
          "pluginVersion": "7.5.5",
          "pointradius": 2,
          "points": false,
          "renderer": "flot",
          "seriesOverrides": [],
          "spaceLength": 10,
          "stack": false,
          "steppedLine": false,
          "targets": [
            {
              "expr": "sum( rate( hclcache_cache_maintenance_online_keys_total{ namespace=\"$namespace\", cachespace=\"$environment\", job=~\"$job\", pod=~\"$pod\", scope=\"remote\", result!=\"error\", name=~\"$cache\", scope=\"remote\", type=\"expired\" }[5m]) > 0 ) by  (name) ",
              "interval": "",
              "legendFormat": "{{type}}",
              "refId": "A"
            }
          ],
          "thresholds": [],
          "timeFrom": null,
          "timeRegions": [],
          "timeShift": null,
          "title": "Rate of Expired Keys Removed by Cache",
          "tooltip": {
            "shared": true,
            "sort": 0,
            "value_type": "individual"
          },
          "type": "graph",
          "xaxis": {
            "buckets": null,
            "mode": "time",
            "name": null,
            "show": true,
            "values": []
          },
          "yaxes": [
            {
              "format": "short",
              "label": null,
              "logBase": 1,
              "max": null,
              "min": null,
              "show": true
            },
            {
              "format": "short",
              "label": null,
              "logBase": 1,
              "max": null,
              "min": null,
              "show": true
            }
          ],
          "yaxis": {
            "align": false,
            "alignLevel": null
          }
        },
        {
          "aliasColors": {},
          "bars": true,
          "dashLength": 10,
          "dashes": false,
          "datasource": "${DS_PROMETHEUS}",
          "description": "When the HCL Cache detects that the memory in Redis is almost full, it can temporarily stop PUT operations while Low-Memory maintenance is running ",
          "fieldConfig": {
            "defaults": {
              "links": []
            },
            "overrides": []
          },
          "fill": 1,
          "fillGradient": 0,
          "gridPos": {
            "h": 10,
            "w": 8,
            "x": 0,
            "y": 22
          },
          "hiddenSeries": false,
          "id": 396,
          "legend": {
            "alignAsTable": true,
            "avg": false,
            "current": false,
            "max": false,
            "min": false,
            "rightSide": true,
            "show": true,
            "total": false,
            "values": false
          },
          "lines": false,
          "linewidth": 1,
          "nullPointMode": "null",
          "options": {
            "alertThreshold": true
          },
          "percentage": false,
          "pluginVersion": "7.5.5",
          "pointradius": 2,
          "points": false,
          "renderer": "flot",
          "seriesOverrides": [],
          "spaceLength": 10,
          "stack": false,
          "steppedLine": false,
          "targets": [
            {
              "expr": "sum( hclcache_cache_remote_put_paused{ namespace=\"$namespace\", cachespace=\"$environment\", job=~\"$job\", pod=~\"$pod\", name=~\"$cache\" } ) by (name)  > 0",
              "interval": "",
              "legendFormat": "{{name}}",
              "refId": "A"
            }
          ],
          "thresholds": [],
          "timeFrom": null,
          "timeRegions": [],
          "timeShift": null,
          "title": "Low-Memory Maintenance - Paused PUT Operations by Cache",
          "tooltip": {
            "shared": true,
            "sort": 0,
            "value_type": "individual"
          },
          "type": "graph",
          "xaxis": {
            "buckets": null,
            "mode": "time",
            "name": null,
            "show": true,
            "values": []
          },
          "yaxes": [
            {
              "decimals": 0,
              "format": "short",
              "label": "",
              "logBase": 1,
              "max": null,
              "min": "0",
              "show": true
            },
            {
              "format": "short",
              "label": null,
              "logBase": 1,
              "max": null,
              "min": null,
              "show": true
            }
          ],
          "yaxis": {
            "align": false,
            "alignLevel": null
          }
        },
        {
          "aliasColors": {},
          "bars": false,
          "dashLength": 10,
          "dashes": false,
          "datasource": "${DS_PROMETHEUS}",
          "description": "",
          "fieldConfig": {
            "defaults": {
              "links": []
            },
            "overrides": []
          },
          "fill": 1,
          "fillGradient": 0,
          "gridPos": {
            "h": 10,
            "w": 7,
            "x": 8,
            "y": 22
          },
          "hiddenSeries": false,
          "id": 397,
          "legend": {
            "avg": false,
            "current": false,
            "max": false,
            "min": false,
            "show": true,
            "total": false,
            "values": false
          },
          "lines": true,
          "linewidth": 1,
          "nullPointMode": "null",
          "options": {
            "alertThreshold": true
          },
          "percentage": false,
          "pluginVersion": "7.5.5",
          "pointradius": 2,
          "points": false,
          "renderer": "flot",
          "seriesOverrides": [],
          "spaceLength": 10,
          "stack": false,
          "steppedLine": false,
          "targets": [
            {
              "expr": "sum( rate( hclcache_cache_maintenance_online_keys_total{ namespace=\"$namespace\", cachespace=\"$environment\", job=~\"$job\", pod=~\"$pod\", scope=\"remote\", result!=\"error\", name=~\"$cache\", scope=\"remote\" }[5m]  ) ) by  ( type )",
              "interval": "",
              "legendFormat": "{{type}}",
              "refId": "A"
            },
            {
              "expr": "sum( rate( hclcache_cache_maintenance_online_keys_total{ namespace=\"$namespace\", job=~\"$job\", pod=~\"$pod\", scope=\"remote\", result=\"error\", name=~\"$cache\", scope=\"remote\" }[5m]  ) ) by  ( type )",
              "interval": "",
              "legendFormat": "{{type}}-error",
              "refId": "B"
            }
          ],
          "thresholds": [],
          "timeFrom": null,
          "timeRegions": [],
          "timeShift": null,
          "title": "Rate of Keys Maintained by Type",
          "tooltip": {
            "shared": true,
            "sort": 0,
            "value_type": "individual"
          },
          "type": "graph",
          "xaxis": {
            "buckets": null,
            "mode": "time",
            "name": null,
            "show": true,
            "values": []
          },
          "yaxes": [
            {
              "format": "short",
              "label": null,
              "logBase": 1,
              "max": null,
              "min": "0",
              "show": true
            },
            {
              "format": "short",
              "label": null,
              "logBase": 1,
              "max": null,
              "min": null,
              "show": true
            }
          ],
          "yaxis": {
            "align": false,
            "alignLevel": null
          }
        },
        {
          "aliasColors": {},
          "bars": false,
          "dashLength": 10,
          "dashes": false,
          "datasource": "${DS_PROMETHEUS}",
          "description": "",
          "fieldConfig": {
            "defaults": {
              "links": []
            },
            "overrides": []
          },
          "fill": 1,
          "fillGradient": 0,
          "gridPos": {
            "h": 10,
            "w": 9,
            "x": 15,
            "y": 22
          },
          "hiddenSeries": false,
          "id": 399,
          "legend": {
            "avg": false,
            "current": false,
            "max": false,
            "min": false,
            "show": true,
            "total": false,
            "values": false
          },
          "lines": true,
          "linewidth": 1,
          "nullPointMode": "null",
          "options": {
            "alertThreshold": true
          },
          "percentage": false,
          "pluginVersion": "7.5.5",
          "pointradius": 2,
          "points": false,
          "renderer": "flot",
          "seriesOverrides": [],
          "spaceLength": 10,
          "stack": false,
          "steppedLine": false,
          "targets": [
            {
              "expr": "sum(rate(hclcache_cache_maintenance_online_duration_seconds_sum{ namespace=\"$namespace\", cachespace=\"$environment\", job=~\"$job\", pod=~\"$pod\", scope=\"remote\", name=~\"$cache\", type=\"expired\" }[2m]) ) \r\n / sum(rate(hclcache_cache_maintenance_online_duration_seconds_count{ namespace=\"$namespace\", cachespace=\"$environment\", job=~\"$job\", pod=~\"$pod\", scope=\"remote\", name=~\"$cache\", type=\"expired\"}[2m]))\r",
              "interval": "",
              "legendFormat": "expired",
              "refId": "A"
            },
            {
              "expr": "sum(rate(hclcache_cache_maintenance_online_duration_seconds_sum{ namespace=\"$namespace\", cachespace=\"$environment\", job=~\"$job\", pod=~\"$pod\", scope=\"remote\", name=~\"$cache\", type=\"emergency\" }[2m]) ) \r\n / sum(rate(hclcache_cache_maintenance_online__duration_seconds_count{ namespace=\"$namespace\", cachespace=\"$environment\", job=~\"$job\", pod=~\"$pod\", scope=\"remote\", name=~\"$cache\", type=\"emergency\"}[2m]))\r",
              "interval": "",
              "legendFormat": "emergency",
              "refId": "C"
            }
          ],
          "thresholds": [],
          "timeFrom": null,
          "timeRegions": [],
          "timeShift": null,
          "title": "Maintenance Average Durations",
          "tooltip": {
            "shared": true,
            "sort": 0,
            "value_type": "individual"
          },
          "type": "graph",
          "xaxis": {
            "buckets": null,
            "mode": "time",
            "name": null,
            "show": true,
            "values": []
          },
          "yaxes": [
            {
              "format": "s",
              "label": null,
              "logBase": 1,
              "max": null,
              "min": null,
              "show": true
            },
            {
              "format": "short",
              "label": null,
              "logBase": 1,
              "max": null,
              "min": null,
              "show": true
            }
          ],
          "yaxis": {
            "align": false,
            "alignLevel": null
          }
        }
      ],
      "title": "Maintenance",
      "type": "row"
    }
  ],
  "refresh": false,
  "schemaVersion": 27,
  "style": "dark",
  "tags": [
    "hcl-cache",
    "hcl"
  ],
  "templating": {
    "list": [
      {
        "current": {
          "selected": false,
          "text": "Prometheus",
          "value": "Prometheus"
        },
        "description": null,
        "error": null,
        "hide": 0,
        "includeAll": false,
        "label": "Prometheus",
        "multi": false,
        "name": "DS_PROMETHEUS",
        "options": [],
        "query": "prometheus",
        "refresh": 1,
        "regex": "",
        "skipUrlSync": false,
        "type": "datasource"
      },
      {
        "allValue": null,
        "current": {
          "selected": false,
          "text": "commerce",
          "value": "commerce"
        },
        "datasource": "${DS_PROMETHEUS}",
        "definition": "label_values(hclcache_cache_size_max, namespace)",
        "description": null,
        "error": null,
        "hide": 0,
        "includeAll": false,
        "label": "namespace",
        "multi": false,
        "name": "namespace",
        "options": [],
        "query": {
          "query": "label_values(hclcache_cache_size_max, namespace)",
          "refId": "Prometheus-namespace-Variable-Query"
        },
        "refresh": 2,
        "regex": "",
        "skipUrlSync": false,
        "sort": 1,
        "tagValuesQuery": "",
        "tags": [],
        "tagsQuery": "",
        "type": "query",
        "useTags": false
      },
      {
        "allValue": null,
        "current": {
          "selected": false,
          "text": "demoqalive",
          "value": "demoqalive"
        },
        "datasource": "${DS_PROMETHEUS}",
        "definition": "label_values(hclcache_cache_size_max{ namespace=\"$namespace\"}, cachespace)",
        "description": null,
        "error": null,
        "hide": 0,
        "includeAll": false,
        "label": "environment",
        "multi": false,
        "name": "environment",
        "options": [],
        "query": {
          "query": "label_values(hclcache_cache_size_max{ namespace=\"$namespace\"}, cachespace)",
          "refId": "StandardVariableQuery"
        },
        "refresh": 2,
        "regex": "",
        "skipUrlSync": false,
        "sort": 1,
        "tagValuesQuery": "",
        "tags": [],
        "tagsQuery": "",
        "type": "query",
        "useTags": false
      },
      {
        "allValue": ".*",
        "current": {
          "selected": false,
          "text": "All",
          "value": "$__all"
        },
        "datasource": "${DS_PROMETHEUS}",
        "definition": "label_values(hclcache_cache_size_max{ namespace=\"$namespace\", cachespace=\"$environment\"}, job)",
        "description": null,
        "error": null,
        "hide": 0,
        "includeAll": true,
        "label": "deployment",
        "multi": true,
        "name": "job",
        "options": [],
        "query": {
          "query": "label_values(hclcache_cache_size_max{ namespace=\"$namespace\", cachespace=\"$environment\"}, job)",
          "refId": "Prometheus-job-Variable-Query"
        },
        "refresh": 2,
        "regex": "",
        "skipUrlSync": false,
        "sort": 0,
        "tagValuesQuery": "",
        "tags": [],
        "tagsQuery": "",
        "type": "query",
        "useTags": false
      },
      {
        "allValue": ".*",
        "current": {
          "selected": false,
          "text": "All",
          "value": "$__all"
        },
        "datasource": "${DS_PROMETHEUS}",
        "definition": "label_values(hclcache_cache_size_max{ namespace=\"$namespace\", cachespace=\"$environment\", job=~\"$job\"}, pod)",
        "description": null,
        "error": null,
        "hide": 0,
        "includeAll": true,
        "label": "pod",
        "multi": true,
        "name": "pod",
        "options": [],
        "query": {
          "query": "label_values(hclcache_cache_size_max{ namespace=\"$namespace\", cachespace=\"$environment\", job=~\"$job\"}, pod)",
          "refId": "Prometheus-pod-Variable-Query"
        },
        "refresh": 2,
        "regex": "",
        "skipUrlSync": false,
        "sort": 0,
        "tagValuesQuery": "",
        "tags": [],
        "tagsQuery": "",
        "type": "query",
        "useTags": false
      },
      {
        "allValue": ".*",
        "current": {
          "selected": false,
          "text": "All",
          "value": "$__all"
        },
        "datasource": "${DS_PROMETHEUS}",
        "definition": "label_values(hclcache_cache_size_max{ namespace=\"$namespace\", cachespace=\"$environment\", job=~\"$job\", pod=~\"$pod\"},name)",
        "description": null,
        "error": null,
        "hide": 0,
        "includeAll": true,
        "label": "cache",
        "multi": true,
        "name": "cache",
        "options": [],
        "query": {
          "query": "label_values(hclcache_cache_size_max{ namespace=\"$namespace\", cachespace=\"$environment\", job=~\"$job\", pod=~\"$pod\"},name)",
          "refId": "Prometheus-cache-Variable-Query"
        },
        "refresh": 2,
        "regex": "",
        "skipUrlSync": false,
        "sort": 2,
        "tagValuesQuery": "",
        "tags": [],
        "tagsQuery": "",
        "type": "query",
        "useTags": false
      },
      {
        "allValue": ".*",
        "current": {
          "selected": false,
          "text": "All",
          "value": "$__all"
        },
        "datasource": "${DS_PROMETHEUS}",
        "definition": "label_values(hclcache_cache_remote_node_mapping{ cachespace=\"$environment\" },redis_instance)",
        "description": null,
        "error": null,
        "hide": 0,
        "includeAll": true,
        "label": "",
        "multi": true,
        "name": "redis",
        "options": [],
        "query": {
          "query": "label_values(hclcache_cache_remote_node_mapping{ cachespace=\"$environment\" },redis_instance)",
          "refId": "Prometheus-redis-Variable-Query"
        },
        "refresh": 2,
        "regex": "",
        "skipUrlSync": false,
        "sort": 1,
        "tagValuesQuery": "",
        "tags": [],
        "tagsQuery": "",
        "type": "query",
        "useTags": false
      }
    ]
  },
  "time": {
    "from": "now-15m",
    "to": "now"
  },
  "timepicker": {
    "refresh_intervals": [
      "10s",
      "30s",
      "1m",
      "5m",
      "15m",
      "30m",
      "1h",
      "2h",
      "1d"
    ]
  },
  "timezone": "",
  "title": "HCL Cache - Remote",
  "uid": "hcl_cache_remote",
  "version": 919
}
