{
  "annotations": {
    "list": [
      {
        "builtIn": 1,
        "datasource": "-- Grafana --",
        "enable": true,
        "hide": true,
        "iconColor": "rgba(0, 211, 255, 1)",
        "name": "Annotations & Alerts",
        "type": "dashboard"
      }
    ]
  },
  "editable": true,
  "gnetId": null,
  "graphTooltip": 0,
  "id": 221,
  "iteration": 1646056652478,
  "links": [
    {
      "asDropdown": false,
      "icon": "external link",
      "includeVars": true,
      "keepTime": true,
      "tags": [
        "java"
      ],
      "title": "Java",
      "type": "dashboards"
    }
  ],
  "panels": [
    {
      "collapsed": true,
      "datasource": "${DS_PROMETHEUS}",
      "gridPos": {
        "h": 1,
        "w": 24,
        "x": 0,
        "y": 0
      },
      "id": 43,
      "panels": [
        {
          "aliasColors": {},
          "bars": false,
          "dashLength": 10,
          "dashes": false,
          "datasource": "${DS_PROMETHEUS}",
          "fieldConfig": {
            "defaults": {
              "links": []
            },
            "overrides": []
          },
          "fill": 1,
          "fillGradient": 0,
          "gridPos": {
            "h": 8,
            "w": 7,
            "x": 0,
            "y": 1
          },
          "hiddenSeries": false,
          "id": 14,
          "legend": {
            "avg": false,
            "current": false,
            "max": false,
            "min": false,
            "show": true,
            "total": false,
            "values": false
          },
          "lines": true,
          "linewidth": 1,
          "nullPointMode": "null",
          "options": {
            "alertThreshold": true
          },
          "percentage": false,
          "pluginVersion": "7.5.5",
          "pointradius": 2,
          "points": false,
          "renderer": "flot",
          "scopedVars": {
            "pod": {
              "selected": false,
              "text": "demoqalivequery-app-65f847fdff-lr45k",
              "value": "demoqalivequery-app-65f847fdff-lr45k"
            }
          },
          "seriesOverrides": [],
          "spaceLength": 10,
          "stack": false,
          "steppedLine": false,
          "targets": [
            {
              "expr": "system_cpu_count{namespace=~\"$namespace\", job=~\"$job\", pod=\"$pod\"}",
              "legendFormat": "cpu",
              "refId": "A"
            },
            {
              "expr": "system_load_average_1m{namespace=~\"$namespace\", job=~\"$job\", pod=\"$pod\"}",
              "legendFormat": "load",
              "refId": "B"
            }
          ],
          "thresholds": [],
          "timeFrom": null,
          "timeRegions": [],
          "timeShift": null,
          "title": "CPU Load",
          "tooltip": {
            "shared": true,
            "sort": 0,
            "value_type": "individual"
          },
          "type": "graph",
          "xaxis": {
            "buckets": null,
            "mode": "time",
            "name": null,
            "show": true,
            "values": []
          },
          "yaxes": [
            {
              "format": "short",
              "label": null,
              "logBase": 1,
              "max": null,
              "min": null,
              "show": true
            },
            {
              "format": "short",
              "label": null,
              "logBase": 1,
              "max": null,
              "min": null,
              "show": true
            }
          ],
          "yaxis": {
            "align": false,
            "alignLevel": null
          }
        },
        {
          "aliasColors": {},
          "bars": false,
          "dashLength": 10,
          "dashes": false,
          "datasource": "${DS_PROMETHEUS}",
          "fieldConfig": {
            "defaults": {
              "links": []
            },
            "overrides": []
          },
          "fill": 1,
          "fillGradient": 0,
          "gridPos": {
            "h": 8,
            "w": 7,
            "x": 7,
            "y": 1
          },
          "hiddenSeries": false,
          "id": 15,
          "legend": {
            "avg": false,
            "current": false,
            "max": false,
            "min": false,
            "show": true,
            "total": false,
            "values": false
          },
          "lines": true,
          "linewidth": 1,
          "nullPointMode": "null",
          "options": {
            "alertThreshold": true
          },
          "percentage": false,
          "pluginVersion": "7.5.5",
          "pointradius": 2,
          "points": false,
          "renderer": "flot",
          "repeat": null,
          "repeatDirection": "h",
          "scopedVars": {
            "pod": {
              "selected": false,
              "text": "demoqalivequery-app-65f847fdff-lr45k",
              "value": "demoqalivequery-app-65f847fdff-lr45k"
            }
          },
          "seriesOverrides": [],
          "spaceLength": 10,
          "stack": false,
          "steppedLine": false,
          "targets": [
            {
              "expr": "jvm_threads_states_threads{namespace=~\"$namespace\", job=~\"$job\", pod=\"$pod\"}",
              "legendFormat": "{{state}}",
              "refId": "A"
            }
          ],
          "thresholds": [],
          "timeFrom": null,
          "timeRegions": [],
          "timeShift": null,
          "title": "Thread States",
          "tooltip": {
            "shared": true,
            "sort": 0,
            "value_type": "individual"
          },
          "type": "graph",
          "xaxis": {
            "buckets": null,
            "mode": "time",
            "name": null,
            "show": true,
            "values": []
          },
          "yaxes": [
            {
              "format": "short",
              "label": null,
              "logBase": 1,
              "max": null,
              "min": null,
              "show": true
            },
            {
              "format": "short",
              "label": null,
              "logBase": 1,
              "max": null,
              "min": null,
              "show": true
            }
          ],
          "yaxis": {
            "align": false,
            "alignLevel": null
          }
        },
        {
          "aliasColors": {},
          "bars": false,
          "dashLength": 10,
          "dashes": false,
          "datasource": "${DS_PROMETHEUS}",
          "fieldConfig": {
            "defaults": {
              "links": []
            },
            "overrides": []
          },
          "fill": 1,
          "fillGradient": 0,
          "gridPos": {
            "h": 8,
            "w": 7,
            "x": 14,
            "y": 1
          },
          "hiddenSeries": false,
          "id": 10,
          "legend": {
            "avg": false,
            "current": true,
            "max": true,
            "min": false,
            "rightSide": false,
            "show": true,
            "total": false,
            "values": true
          },
          "lines": true,
          "linewidth": 1,
          "nullPointMode": "null",
          "options": {
            "alertThreshold": true
          },
          "percentage": false,
          "pluginVersion": "7.5.5",
          "pointradius": 2,
          "points": false,
          "renderer": "flot",
          "scopedVars": {
            "pod": {
              "selected": false,
              "text": "demoqalivequery-app-65f847fdff-lr45k",
              "value": "demoqalivequery-app-65f847fdff-lr45k"
            }
          },
          "seriesOverrides": [],
          "spaceLength": 10,
          "stack": false,
          "steppedLine": false,
          "targets": [
            {
              "expr": "sum(jvm_memory_used_bytes{namespace=~\"$namespace\", job=~\"$job\", pod=\"$pod\" })",
              "intervalFactor": 2,
              "legendFormat": "used",
              "refId": "A"
            },
            {
              "expr": "sum(jvm_memory_committed_bytes{namespace=~\"$namespace\", job=~\"$job\", pod=\"$pod\"})  ",
              "intervalFactor": 2,
              "legendFormat": "committed",
              "refId": "B"
            },
            {
              "expr": "sum(jvm_memory_max_bytes{namespace=~\"$namespace\", job=~\"$job\", pod=\"$pod\"})  ",
              "intervalFactor": 2,
              "legendFormat": "max",
              "refId": "C"
            }
          ],
          "thresholds": [],
          "timeFrom": null,
          "timeRegions": [],
          "timeShift": null,
          "title": "JVM Total Memory",
          "tooltip": {
            "shared": true,
            "sort": 0,
            "value_type": "individual"
          },
          "type": "graph",
          "xaxis": {
            "buckets": null,
            "mode": "time",
            "name": null,
            "show": true,
            "values": []
          },
          "yaxes": [
            {
              "format": "decbytes",
              "label": null,
              "logBase": 1,
              "max": null,
              "min": null,
              "show": true
            },
            {
              "format": "short",
              "label": null,
              "logBase": 1,
              "max": null,
              "min": null,
              "show": true
            }
          ],
          "yaxis": {
            "align": false,
            "alignLevel": null
          }
        },
        {
          "aliasColors": {},
          "bars": false,
          "dashLength": 10,
          "dashes": false,
          "datasource": "${DS_PROMETHEUS}",
          "fieldConfig": {
            "defaults": {
              "links": []
            },
            "overrides": []
          },
          "fill": 1,
          "fillGradient": 0,
          "gridPos": {
            "h": 8,
            "w": 7,
            "x": 0,
            "y": 9
          },
          "hiddenSeries": false,
          "id": 9,
          "legend": {
            "avg": false,
            "current": true,
            "max": true,
            "min": false,
            "rightSide": false,
            "show": true,
            "total": false,
            "values": true
          },
          "lines": true,
          "linewidth": 1,
          "nullPointMode": "null",
          "options": {
            "alertThreshold": true
          },
          "percentage": false,
          "pluginVersion": "7.5.5",
          "pointradius": 2,
          "points": false,
          "renderer": "flot",
          "scopedVars": {
            "pod": {
              "selected": false,
              "text": "demoqalivequery-app-65f847fdff-lr45k",
              "value": "demoqalivequery-app-65f847fdff-lr45k"
            }
          },
          "seriesOverrides": [],
          "spaceLength": 10,
          "stack": false,
          "steppedLine": false,
          "targets": [
            {
              "expr": "sum(jvm_memory_used_bytes{namespace=~\"$namespace\", job=~\"$job\", pod=\"$pod\", area=\"noheap\"})",
              "intervalFactor": 2,
              "legendFormat": "used",
              "refId": "A"
            },
            {
              "expr": "sum(jvm_memory_committed_bytes{namespace=~\"$namespace\", job=~\"$job\", pod=\"$pod\", area=\"nonheap\"})  ",
              "intervalFactor": 2,
              "legendFormat": "committed",
              "refId": "B"
            },
            {
              "expr": "sum(jvm_memory_max_bytes{namespace=~\"$namespace\", job=~\"$job\", pod=\"$pod\", area=\"nonheap\"})  ",
              "intervalFactor": 2,
              "legendFormat": "max",
              "refId": "C"
            }
          ],
          "thresholds": [],
          "timeFrom": null,
          "timeRegions": [],
          "timeShift": null,
          "title": "Total JVM Non-Heap",
          "tooltip": {
            "shared": true,
            "sort": 0,
            "value_type": "individual"
          },
          "type": "graph",
          "xaxis": {
            "buckets": null,
            "mode": "time",
            "name": null,
            "show": true,
            "values": []
          },
          "yaxes": [
            {
              "format": "decbytes",
              "label": null,
              "logBase": 1,
              "max": null,
              "min": null,
              "show": true
            },
            {
              "format": "short",
              "label": null,
              "logBase": 1,
              "max": null,
              "min": null,
              "show": true
            }
          ],
          "yaxis": {
            "align": false,
            "alignLevel": null
          }
        },
        {
          "aliasColors": {},
          "bars": false,
          "dashLength": 10,
          "dashes": false,
          "datasource": "${DS_PROMETHEUS}",
          "fieldConfig": {
            "defaults": {
              "links": []
            },
            "overrides": []
          },
          "fill": 1,
          "fillGradient": 0,
          "gridPos": {
            "h": 8,
            "w": 7,
            "x": 7,
            "y": 9
          },
          "hiddenSeries": false,
          "id": 6,
          "legend": {
            "avg": false,
            "current": true,
            "max": true,
            "min": false,
            "rightSide": false,
            "show": true,
            "total": false,
            "values": true
          },
          "lines": true,
          "linewidth": 1,
          "nullPointMode": "null",
          "options": {
            "alertThreshold": true
          },
          "percentage": false,
          "pluginVersion": "7.5.5",
          "pointradius": 2,
          "points": false,
          "renderer": "flot",
          "scopedVars": {
            "pod": {
              "selected": false,
              "text": "demoqalivequery-app-65f847fdff-lr45k",
              "value": "demoqalivequery-app-65f847fdff-lr45k"
            }
          },
          "seriesOverrides": [],
          "spaceLength": 10,
          "stack": false,
          "steppedLine": false,
          "targets": [
            {
              "expr": "sum(jvm_memory_used_bytes{namespace=~\"$namespace\", job=~\"$job\", pod=\"$pod\", area=\"heap\"})",
              "intervalFactor": 2,
              "legendFormat": "used",
              "refId": "A"
            },
            {
              "expr": "sum(jvm_memory_committed_bytes{namespace=~\"$namespace\", job=~\"$job\", pod=\"$pod\", area=\"heap\"})  ",
              "intervalFactor": 2,
              "legendFormat": "committed",
              "refId": "B"
            },
            {
              "expr": "sum(jvm_memory_max_bytes{namespace=~\"$namespace\", job=~\"$job\", pod=\"$pod\", area=\"heap\"})  ",
              "intervalFactor": 2,
              "legendFormat": "max",
              "refId": "C"
            }
          ],
          "thresholds": [],
          "timeFrom": null,
          "timeRegions": [],
          "timeShift": null,
          "title": "Total JVM Heap",
          "tooltip": {
            "shared": true,
            "sort": 0,
            "value_type": "individual"
          },
          "type": "graph",
          "xaxis": {
            "buckets": null,
            "mode": "time",
            "name": null,
            "show": true,
            "values": []
          },
          "yaxes": [
            {
              "format": "decbytes",
              "label": null,
              "logBase": 1,
              "max": null,
              "min": null,
              "show": true
            },
            {
              "format": "short",
              "label": null,
              "logBase": 1,
              "max": null,
              "min": null,
              "show": true
            }
          ],
          "yaxis": {
            "align": false,
            "alignLevel": null
          }
        }
      ],
      "repeat": "pod",
      "scopedVars": {
        "pod": {
          "selected": false,
          "text": "demoqalivequery-app-65f847fdff-lr45k",
          "value": "demoqalivequery-app-65f847fdff-lr45k"
        }
      },
      "title": "pod: $pod",
      "type": "row"
    },
    {
      "collapsed": true,
      "datasource": "${DS_PROMETHEUS}",
      "gridPos": {
        "h": 1,
        "w": 24,
        "x": 0,
        "y": 1
      },
      "id": 44,
      "panels": [
        {
          "aliasColors": {},
          "bars": false,
          "dashLength": 10,
          "dashes": false,
          "datasource": "${DS_PROMETHEUS}",
          "fieldConfig": {
            "defaults": {
              "links": []
            },
            "overrides": []
          },
          "fill": 1,
          "fillGradient": 0,
          "gridPos": {
            "h": 8,
            "w": 7,
            "x": 0,
            "y": 2
          },
          "hiddenSeries": false,
          "id": 45,
          "legend": {
            "avg": false,
            "current": false,
            "max": false,
            "min": false,
            "show": true,
            "total": false,
            "values": false
          },
          "lines": true,
          "linewidth": 1,
          "nullPointMode": "null",
          "options": {
            "alertThreshold": true
          },
          "percentage": false,
          "pluginVersion": "7.5.5",
          "pointradius": 2,
          "points": false,
          "renderer": "flot",
          "repeatIteration": 1646056652478,
          "repeatPanelId": 14,
          "repeatedByRow": true,
          "scopedVars": {
            "pod": {
              "selected": false,
              "text": "demoqalivets-app-65cfb4f664-bf8z8",
              "value": "demoqalivets-app-65cfb4f664-bf8z8"
            }
          },
          "seriesOverrides": [],
          "spaceLength": 10,
          "stack": false,
          "steppedLine": false,
          "targets": [
            {
              "expr": "system_cpu_count{namespace=~\"$namespace\", job=~\"$job\", pod=\"$pod\"}",
              "legendFormat": "cpu",
              "refId": "A"
            },
            {
              "expr": "system_load_average_1m{namespace=~\"$namespace\", job=~\"$job\", pod=\"$pod\"}",
              "legendFormat": "load",
              "refId": "B"
            }
          ],
          "thresholds": [],
          "timeFrom": null,
          "timeRegions": [],
          "timeShift": null,
          "title": "CPU Load",
          "tooltip": {
            "shared": true,
            "sort": 0,
            "value_type": "individual"
          },
          "type": "graph",
          "xaxis": {
            "buckets": null,
            "mode": "time",
            "name": null,
            "show": true,
            "values": []
          },
          "yaxes": [
            {
              "format": "short",
              "label": null,
              "logBase": 1,
              "max": null,
              "min": null,
              "show": true
            },
            {
              "format": "short",
              "label": null,
              "logBase": 1,
              "max": null,
              "min": null,
              "show": true
            }
          ],
          "yaxis": {
            "align": false,
            "alignLevel": null
          }
        },
        {
          "aliasColors": {},
          "bars": false,
          "dashLength": 10,
          "dashes": false,
          "datasource": "${DS_PROMETHEUS}",
          "fieldConfig": {
            "defaults": {
              "links": []
            },
            "overrides": []
          },
          "fill": 1,
          "fillGradient": 0,
          "gridPos": {
            "h": 8,
            "w": 7,
            "x": 7,
            "y": 2
          },
          "hiddenSeries": false,
          "id": 46,
          "legend": {
            "avg": false,
            "current": false,
            "max": false,
            "min": false,
            "show": true,
            "total": false,
            "values": false
          },
          "lines": true,
          "linewidth": 1,
          "nullPointMode": "null",
          "options": {
            "alertThreshold": true
          },
          "percentage": false,
          "pluginVersion": "7.5.5",
          "pointradius": 2,
          "points": false,
          "renderer": "flot",
          "repeat": null,
          "repeatDirection": "h",
          "repeatIteration": 1646056652478,
          "repeatPanelId": 15,
          "repeatedByRow": true,
          "scopedVars": {
            "pod": {
              "selected": false,
              "text": "demoqalivets-app-65cfb4f664-bf8z8",
              "value": "demoqalivets-app-65cfb4f664-bf8z8"
            }
          },
          "seriesOverrides": [],
          "spaceLength": 10,
          "stack": false,
          "steppedLine": false,
          "targets": [
            {
              "expr": "jvm_threads_states_threads{namespace=~\"$namespace\", job=~\"$job\", pod=\"$pod\"}",
              "legendFormat": "{{state}}",
              "refId": "A"
            }
          ],
          "thresholds": [],
          "timeFrom": null,
          "timeRegions": [],
          "timeShift": null,
          "title": "Thread States",
          "tooltip": {
            "shared": true,
            "sort": 0,
            "value_type": "individual"
          },
          "type": "graph",
          "xaxis": {
            "buckets": null,
            "mode": "time",
            "name": null,
            "show": true,
            "values": []
          },
          "yaxes": [
            {
              "format": "short",
              "label": null,
              "logBase": 1,
              "max": null,
              "min": null,
              "show": true
            },
            {
              "format": "short",
              "label": null,
              "logBase": 1,
              "max": null,
              "min": null,
              "show": true
            }
          ],
          "yaxis": {
            "align": false,
            "alignLevel": null
          }
        },
        {
          "aliasColors": {},
          "bars": false,
          "dashLength": 10,
          "dashes": false,
          "datasource": "${DS_PROMETHEUS}",
          "fieldConfig": {
            "defaults": {
              "links": []
            },
            "overrides": []
          },
          "fill": 1,
          "fillGradient": 0,
          "gridPos": {
            "h": 8,
            "w": 7,
            "x": 14,
            "y": 2
          },
          "hiddenSeries": false,
          "id": 47,
          "legend": {
            "avg": false,
            "current": true,
            "max": true,
            "min": false,
            "rightSide": false,
            "show": true,
            "total": false,
            "values": true
          },
          "lines": true,
          "linewidth": 1,
          "nullPointMode": "null",
          "options": {
            "alertThreshold": true
          },
          "percentage": false,
          "pluginVersion": "7.5.5",
          "pointradius": 2,
          "points": false,
          "renderer": "flot",
          "repeatIteration": 1646056652478,
          "repeatPanelId": 10,
          "repeatedByRow": true,
          "scopedVars": {
            "pod": {
              "selected": false,
              "text": "demoqalivets-app-65cfb4f664-bf8z8",
              "value": "demoqalivets-app-65cfb4f664-bf8z8"
            }
          },
          "seriesOverrides": [],
          "spaceLength": 10,
          "stack": false,
          "steppedLine": false,
          "targets": [
            {
              "expr": "sum(jvm_memory_used_bytes{namespace=~\"$namespace\", job=~\"$job\", pod=\"$pod\" })",
              "intervalFactor": 2,
              "legendFormat": "used",
              "refId": "A"
            },
            {
              "expr": "sum(jvm_memory_committed_bytes{namespace=~\"$namespace\", job=~\"$job\", pod=\"$pod\"})  ",
              "intervalFactor": 2,
              "legendFormat": "committed",
              "refId": "B"
            },
            {
              "expr": "sum(jvm_memory_max_bytes{namespace=~\"$namespace\", job=~\"$job\", pod=\"$pod\"})  ",
              "intervalFactor": 2,
              "legendFormat": "max",
              "refId": "C"
            }
          ],
          "thresholds": [],
          "timeFrom": null,
          "timeRegions": [],
          "timeShift": null,
          "title": "JVM Total Memory",
          "tooltip": {
            "shared": true,
            "sort": 0,
            "value_type": "individual"
          },
          "type": "graph",
          "xaxis": {
            "buckets": null,
            "mode": "time",
            "name": null,
            "show": true,
            "values": []
          },
          "yaxes": [
            {
              "format": "decbytes",
              "label": null,
              "logBase": 1,
              "max": null,
              "min": null,
              "show": true
            },
            {
              "format": "short",
              "label": null,
              "logBase": 1,
              "max": null,
              "min": null,
              "show": true
            }
          ],
          "yaxis": {
            "align": false,
            "alignLevel": null
          }
        },
        {
          "aliasColors": {},
          "bars": false,
          "dashLength": 10,
          "dashes": false,
          "datasource": "${DS_PROMETHEUS}",
          "fieldConfig": {
            "defaults": {
              "links": []
            },
            "overrides": []
          },
          "fill": 1,
          "fillGradient": 0,
          "gridPos": {
            "h": 8,
            "w": 7,
            "x": 0,
            "y": 10
          },
          "hiddenSeries": false,
          "id": 48,
          "legend": {
            "avg": false,
            "current": true,
            "max": true,
            "min": false,
            "rightSide": false,
            "show": true,
            "total": false,
            "values": true
          },
          "lines": true,
          "linewidth": 1,
          "nullPointMode": "null",
          "options": {
            "alertThreshold": true
          },
          "percentage": false,
          "pluginVersion": "7.5.5",
          "pointradius": 2,
          "points": false,
          "renderer": "flot",
          "repeatIteration": 1646056652478,
          "repeatPanelId": 9,
          "repeatedByRow": true,
          "scopedVars": {
            "pod": {
              "selected": false,
              "text": "demoqalivets-app-65cfb4f664-bf8z8",
              "value": "demoqalivets-app-65cfb4f664-bf8z8"
            }
          },
          "seriesOverrides": [],
          "spaceLength": 10,
          "stack": false,
          "steppedLine": false,
          "targets": [
            {
              "expr": "sum(jvm_memory_used_bytes{namespace=~\"$namespace\", job=~\"$job\", pod=\"$pod\", area=\"noheap\"})",
              "intervalFactor": 2,
              "legendFormat": "used",
              "refId": "A"
            },
            {
              "expr": "sum(jvm_memory_committed_bytes{namespace=~\"$namespace\", job=~\"$job\", pod=\"$pod\", area=\"nonheap\"})  ",
              "intervalFactor": 2,
              "legendFormat": "committed",
              "refId": "B"
            },
            {
              "expr": "sum(jvm_memory_max_bytes{namespace=~\"$namespace\", job=~\"$job\", pod=\"$pod\", area=\"nonheap\"})  ",
              "intervalFactor": 2,
              "legendFormat": "max",
              "refId": "C"
            }
          ],
          "thresholds": [],
          "timeFrom": null,
          "timeRegions": [],
          "timeShift": null,
          "title": "Total JVM Non-Heap",
          "tooltip": {
            "shared": true,
            "sort": 0,
            "value_type": "individual"
          },
          "type": "graph",
          "xaxis": {
            "buckets": null,
            "mode": "time",
            "name": null,
            "show": true,
            "values": []
          },
          "yaxes": [
            {
              "format": "decbytes",
              "label": null,
              "logBase": 1,
              "max": null,
              "min": null,
              "show": true
            },
            {
              "format": "short",
              "label": null,
              "logBase": 1,
              "max": null,
              "min": null,
              "show": true
            }
          ],
          "yaxis": {
            "align": false,
            "alignLevel": null
          }
        },
        {
          "aliasColors": {},
          "bars": false,
          "dashLength": 10,
          "dashes": false,
          "datasource": "${DS_PROMETHEUS}",
          "fieldConfig": {
            "defaults": {
              "links": []
            },
            "overrides": []
          },
          "fill": 1,
          "fillGradient": 0,
          "gridPos": {
            "h": 8,
            "w": 7,
            "x": 7,
            "y": 10
          },
          "hiddenSeries": false,
          "id": 49,
          "legend": {
            "avg": false,
            "current": true,
            "max": true,
            "min": false,
            "rightSide": false,
            "show": true,
            "total": false,
            "values": true
          },
          "lines": true,
          "linewidth": 1,
          "nullPointMode": "null",
          "options": {
            "alertThreshold": true
          },
          "percentage": false,
          "pluginVersion": "7.5.5",
          "pointradius": 2,
          "points": false,
          "renderer": "flot",
          "repeatIteration": 1646056652478,
          "repeatPanelId": 6,
          "repeatedByRow": true,
          "scopedVars": {
            "pod": {
              "selected": false,
              "text": "demoqalivets-app-65cfb4f664-bf8z8",
              "value": "demoqalivets-app-65cfb4f664-bf8z8"
            }
          },
          "seriesOverrides": [],
          "spaceLength": 10,
          "stack": false,
          "steppedLine": false,
          "targets": [
            {
              "expr": "sum(jvm_memory_used_bytes{namespace=~\"$namespace\", job=~\"$job\", pod=\"$pod\", area=\"heap\"})",
              "intervalFactor": 2,
              "legendFormat": "used",
              "refId": "A"
            },
            {
              "expr": "sum(jvm_memory_committed_bytes{namespace=~\"$namespace\", job=~\"$job\", pod=\"$pod\", area=\"heap\"})  ",
              "intervalFactor": 2,
              "legendFormat": "committed",
              "refId": "B"
            },
            {
              "expr": "sum(jvm_memory_max_bytes{namespace=~\"$namespace\", job=~\"$job\", pod=\"$pod\", area=\"heap\"})  ",
              "intervalFactor": 2,
              "legendFormat": "max",
              "refId": "C"
            }
          ],
          "thresholds": [],
          "timeFrom": null,
          "timeRegions": [],
          "timeShift": null,
          "title": "Total JVM Heap",
          "tooltip": {
            "shared": true,
            "sort": 0,
            "value_type": "individual"
          },
          "type": "graph",
          "xaxis": {
            "buckets": null,
            "mode": "time",
            "name": null,
            "show": true,
            "values": []
          },
          "yaxes": [
            {
              "format": "decbytes",
              "label": null,
              "logBase": 1,
              "max": null,
              "min": null,
              "show": true
            },
            {
              "format": "short",
              "label": null,
              "logBase": 1,
              "max": null,
              "min": null,
              "show": true
            }
          ],
          "yaxis": {
            "align": false,
            "alignLevel": null
          }
        }
      ],
      "repeatIteration": 1646056652478,
      "repeatPanelId": 43,
      "scopedVars": {
        "pod": {
          "selected": false,
          "text": "demoqalivets-app-65cfb4f664-bf8z8",
          "value": "demoqalivets-app-65cfb4f664-bf8z8"
        }
      },
      "title": "pod: $pod",
      "type": "row"
    },
    {
      "collapsed": true,
      "datasource": "${DS_PROMETHEUS}",
      "gridPos": {
        "h": 1,
        "w": 24,
        "x": 0,
        "y": 2
      },
      "id": 50,
      "panels": [
        {
          "aliasColors": {},
          "bars": false,
          "dashLength": 10,
          "dashes": false,
          "datasource": "${DS_PROMETHEUS}",
          "fieldConfig": {
            "defaults": {
              "links": []
            },
            "overrides": []
          },
          "fill": 1,
          "fillGradient": 0,
          "gridPos": {
            "h": 8,
            "w": 7,
            "x": 0,
            "y": 3
          },
          "hiddenSeries": false,
          "id": 51,
          "legend": {
            "avg": false,
            "current": false,
            "max": false,
            "min": false,
            "show": true,
            "total": false,
            "values": false
          },
          "lines": true,
          "linewidth": 1,
          "nullPointMode": "null",
          "options": {
            "alertThreshold": true
          },
          "percentage": false,
          "pluginVersion": "7.5.5",
          "pointradius": 2,
          "points": false,
          "renderer": "flot",
          "repeatIteration": 1646056652478,
          "repeatPanelId": 14,
          "repeatedByRow": true,
          "scopedVars": {
            "pod": {
              "selected": false,
              "text": "demoqalivecache-app-574b7d48f7-nkz7f",
              "value": "demoqalivecache-app-574b7d48f7-nkz7f"
            }
          },
          "seriesOverrides": [],
          "spaceLength": 10,
          "stack": false,
          "steppedLine": false,
          "targets": [
            {
              "expr": "system_cpu_count{namespace=~\"$namespace\", job=~\"$job\", pod=\"$pod\"}",
              "legendFormat": "cpu",
              "refId": "A"
            },
            {
              "expr": "system_load_average_1m{namespace=~\"$namespace\", job=~\"$job\", pod=\"$pod\"}",
              "legendFormat": "load",
              "refId": "B"
            }
          ],
          "thresholds": [],
          "timeFrom": null,
          "timeRegions": [],
          "timeShift": null,
          "title": "CPU Load",
          "tooltip": {
            "shared": true,
            "sort": 0,
            "value_type": "individual"
          },
          "type": "graph",
          "xaxis": {
            "buckets": null,
            "mode": "time",
            "name": null,
            "show": true,
            "values": []
          },
          "yaxes": [
            {
              "format": "short",
              "label": null,
              "logBase": 1,
              "max": null,
              "min": null,
              "show": true
            },
            {
              "format": "short",
              "label": null,
              "logBase": 1,
              "max": null,
              "min": null,
              "show": true
            }
          ],
          "yaxis": {
            "align": false,
            "alignLevel": null
          }
        },
        {
          "aliasColors": {},
          "bars": false,
          "dashLength": 10,
          "dashes": false,
          "datasource": "${DS_PROMETHEUS}",
          "fieldConfig": {
            "defaults": {
              "links": []
            },
            "overrides": []
          },
          "fill": 1,
          "fillGradient": 0,
          "gridPos": {
            "h": 8,
            "w": 7,
            "x": 7,
            "y": 3
          },
          "hiddenSeries": false,
          "id": 52,
          "legend": {
            "avg": false,
            "current": false,
            "max": false,
            "min": false,
            "show": true,
            "total": false,
            "values": false
          },
          "lines": true,
          "linewidth": 1,
          "nullPointMode": "null",
          "options": {
            "alertThreshold": true
          },
          "percentage": false,
          "pluginVersion": "7.5.5",
          "pointradius": 2,
          "points": false,
          "renderer": "flot",
          "repeat": null,
          "repeatDirection": "h",
          "repeatIteration": 1646056652478,
          "repeatPanelId": 15,
          "repeatedByRow": true,
          "scopedVars": {
            "pod": {
              "selected": false,
              "text": "demoqalivecache-app-574b7d48f7-nkz7f",
              "value": "demoqalivecache-app-574b7d48f7-nkz7f"
            }
          },
          "seriesOverrides": [],
          "spaceLength": 10,
          "stack": false,
          "steppedLine": false,
          "targets": [
            {
              "expr": "jvm_threads_states_threads{namespace=~\"$namespace\", job=~\"$job\", pod=\"$pod\"}",
              "legendFormat": "{{state}}",
              "refId": "A"
            }
          ],
          "thresholds": [],
          "timeFrom": null,
          "timeRegions": [],
          "timeShift": null,
          "title": "Thread States",
          "tooltip": {
            "shared": true,
            "sort": 0,
            "value_type": "individual"
          },
          "type": "graph",
          "xaxis": {
            "buckets": null,
            "mode": "time",
            "name": null,
            "show": true,
            "values": []
          },
          "yaxes": [
            {
              "format": "short",
              "label": null,
              "logBase": 1,
              "max": null,
              "min": null,
              "show": true
            },
            {
              "format": "short",
              "label": null,
              "logBase": 1,
              "max": null,
              "min": null,
              "show": true
            }
          ],
          "yaxis": {
            "align": false,
            "alignLevel": null
          }
        },
        {
          "aliasColors": {},
          "bars": false,
          "dashLength": 10,
          "dashes": false,
          "datasource": "${DS_PROMETHEUS}",
          "fieldConfig": {
            "defaults": {
              "links": []
            },
            "overrides": []
          },
          "fill": 1,
          "fillGradient": 0,
          "gridPos": {
            "h": 8,
            "w": 7,
            "x": 14,
            "y": 3
          },
          "hiddenSeries": false,
          "id": 53,
          "legend": {
            "avg": false,
            "current": true,
            "max": true,
            "min": false,
            "rightSide": false,
            "show": true,
            "total": false,
            "values": true
          },
          "lines": true,
          "linewidth": 1,
          "nullPointMode": "null",
          "options": {
            "alertThreshold": true
          },
          "percentage": false,
          "pluginVersion": "7.5.5",
          "pointradius": 2,
          "points": false,
          "renderer": "flot",
          "repeatIteration": 1646056652478,
          "repeatPanelId": 10,
          "repeatedByRow": true,
          "scopedVars": {
            "pod": {
              "selected": false,
              "text": "demoqalivecache-app-574b7d48f7-nkz7f",
              "value": "demoqalivecache-app-574b7d48f7-nkz7f"
            }
          },
          "seriesOverrides": [],
          "spaceLength": 10,
          "stack": false,
          "steppedLine": false,
          "targets": [
            {
              "expr": "sum(jvm_memory_used_bytes{namespace=~\"$namespace\", job=~\"$job\", pod=\"$pod\" })",
              "intervalFactor": 2,
              "legendFormat": "used",
              "refId": "A"
            },
            {
              "expr": "sum(jvm_memory_committed_bytes{namespace=~\"$namespace\", job=~\"$job\", pod=\"$pod\"})  ",
              "intervalFactor": 2,
              "legendFormat": "committed",
              "refId": "B"
            },
            {
              "expr": "sum(jvm_memory_max_bytes{namespace=~\"$namespace\", job=~\"$job\", pod=\"$pod\"})  ",
              "intervalFactor": 2,
              "legendFormat": "max",
              "refId": "C"
            }
          ],
          "thresholds": [],
          "timeFrom": null,
          "timeRegions": [],
          "timeShift": null,
          "title": "JVM Total Memory",
          "tooltip": {
            "shared": true,
            "sort": 0,
            "value_type": "individual"
          },
          "type": "graph",
          "xaxis": {
            "buckets": null,
            "mode": "time",
            "name": null,
            "show": true,
            "values": []
          },
          "yaxes": [
            {
              "format": "decbytes",
              "label": null,
              "logBase": 1,
              "max": null,
              "min": null,
              "show": true
            },
            {
              "format": "short",
              "label": null,
              "logBase": 1,
              "max": null,
              "min": null,
              "show": true
            }
          ],
          "yaxis": {
            "align": false,
            "alignLevel": null
          }
        },
        {
          "aliasColors": {},
          "bars": false,
          "dashLength": 10,
          "dashes": false,
          "datasource": "${DS_PROMETHEUS}",
          "fieldConfig": {
            "defaults": {
              "links": []
            },
            "overrides": []
          },
          "fill": 1,
          "fillGradient": 0,
          "gridPos": {
            "h": 8,
            "w": 7,
            "x": 0,
            "y": 11
          },
          "hiddenSeries": false,
          "id": 54,
          "legend": {
            "avg": false,
            "current": true,
            "max": true,
            "min": false,
            "rightSide": false,
            "show": true,
            "total": false,
            "values": true
          },
          "lines": true,
          "linewidth": 1,
          "nullPointMode": "null",
          "options": {
            "alertThreshold": true
          },
          "percentage": false,
          "pluginVersion": "7.5.5",
          "pointradius": 2,
          "points": false,
          "renderer": "flot",
          "repeatIteration": 1646056652478,
          "repeatPanelId": 9,
          "repeatedByRow": true,
          "scopedVars": {
            "pod": {
              "selected": false,
              "text": "demoqalivecache-app-574b7d48f7-nkz7f",
              "value": "demoqalivecache-app-574b7d48f7-nkz7f"
            }
          },
          "seriesOverrides": [],
          "spaceLength": 10,
          "stack": false,
          "steppedLine": false,
          "targets": [
            {
              "expr": "sum(jvm_memory_used_bytes{namespace=~\"$namespace\", job=~\"$job\", pod=\"$pod\", area=\"noheap\"})",
              "intervalFactor": 2,
              "legendFormat": "used",
              "refId": "A"
            },
            {
              "expr": "sum(jvm_memory_committed_bytes{namespace=~\"$namespace\", job=~\"$job\", pod=\"$pod\", area=\"nonheap\"})  ",
              "intervalFactor": 2,
              "legendFormat": "committed",
              "refId": "B"
            },
            {
              "expr": "sum(jvm_memory_max_bytes{namespace=~\"$namespace\", job=~\"$job\", pod=\"$pod\", area=\"nonheap\"})  ",
              "intervalFactor": 2,
              "legendFormat": "max",
              "refId": "C"
            }
          ],
          "thresholds": [],
          "timeFrom": null,
          "timeRegions": [],
          "timeShift": null,
          "title": "Total JVM Non-Heap",
          "tooltip": {
            "shared": true,
            "sort": 0,
            "value_type": "individual"
          },
          "type": "graph",
          "xaxis": {
            "buckets": null,
            "mode": "time",
            "name": null,
            "show": true,
            "values": []
          },
          "yaxes": [
            {
              "format": "decbytes",
              "label": null,
              "logBase": 1,
              "max": null,
              "min": null,
              "show": true
            },
            {
              "format": "short",
              "label": null,
              "logBase": 1,
              "max": null,
              "min": null,
              "show": true
            }
          ],
          "yaxis": {
            "align": false,
            "alignLevel": null
          }
        },
        {
          "aliasColors": {},
          "bars": false,
          "dashLength": 10,
          "dashes": false,
          "datasource": "${DS_PROMETHEUS}",
          "fieldConfig": {
            "defaults": {
              "links": []
            },
            "overrides": []
          },
          "fill": 1,
          "fillGradient": 0,
          "gridPos": {
            "h": 8,
            "w": 7,
            "x": 7,
            "y": 11
          },
          "hiddenSeries": false,
          "id": 55,
          "legend": {
            "avg": false,
            "current": true,
            "max": true,
            "min": false,
            "rightSide": false,
            "show": true,
            "total": false,
            "values": true
          },
          "lines": true,
          "linewidth": 1,
          "nullPointMode": "null",
          "options": {
            "alertThreshold": true
          },
          "percentage": false,
          "pluginVersion": "7.5.5",
          "pointradius": 2,
          "points": false,
          "renderer": "flot",
          "repeatIteration": 1646056652478,
          "repeatPanelId": 6,
          "repeatedByRow": true,
          "scopedVars": {
            "pod": {
              "selected": false,
              "text": "demoqalivecache-app-574b7d48f7-nkz7f",
              "value": "demoqalivecache-app-574b7d48f7-nkz7f"
            }
          },
          "seriesOverrides": [],
          "spaceLength": 10,
          "stack": false,
          "steppedLine": false,
          "targets": [
            {
              "expr": "sum(jvm_memory_used_bytes{namespace=~\"$namespace\", job=~\"$job\", pod=\"$pod\", area=\"heap\"})",
              "intervalFactor": 2,
              "legendFormat": "used",
              "refId": "A"
            },
            {
              "expr": "sum(jvm_memory_committed_bytes{namespace=~\"$namespace\", job=~\"$job\", pod=\"$pod\", area=\"heap\"})  ",
              "intervalFactor": 2,
              "legendFormat": "committed",
              "refId": "B"
            },
            {
              "expr": "sum(jvm_memory_max_bytes{namespace=~\"$namespace\", job=~\"$job\", pod=\"$pod\", area=\"heap\"})  ",
              "intervalFactor": 2,
              "legendFormat": "max",
              "refId": "C"
            }
          ],
          "thresholds": [],
          "timeFrom": null,
          "timeRegions": [],
          "timeShift": null,
          "title": "Total JVM Heap",
          "tooltip": {
            "shared": true,
            "sort": 0,
            "value_type": "individual"
          },
          "type": "graph",
          "xaxis": {
            "buckets": null,
            "mode": "time",
            "name": null,
            "show": true,
            "values": []
          },
          "yaxes": [
            {
              "format": "decbytes",
              "label": null,
              "logBase": 1,
              "max": null,
              "min": null,
              "show": true
            },
            {
              "format": "short",
              "label": null,
              "logBase": 1,
              "max": null,
              "min": null,
              "show": true
            }
          ],
          "yaxis": {
            "align": false,
            "alignLevel": null
          }
        }
      ],
      "repeatIteration": 1646056652478,
      "repeatPanelId": 43,
      "scopedVars": {
        "pod": {
          "selected": false,
          "text": "demoqalivecache-app-574b7d48f7-nkz7f",
          "value": "demoqalivecache-app-574b7d48f7-nkz7f"
        }
      },
      "title": "pod: $pod",
      "type": "row"
    }
  ],
  "refresh": false,
  "schemaVersion": 27,
  "style": "dark",
  "tags": [
    "hcl",
    "java"
  ],
  "templating": {
    "list": [
      {
        "current": {
          "selected": false,
          "text": "Prometheus",
          "value": "Prometheus"
        },
        "description": null,
        "error": null,
        "hide": 0,
        "includeAll": false,
        "label": "Prometheus",
        "multi": false,
        "name": "DS_PROMETHEUS",
        "options": [],
        "query": "prometheus",
        "refresh": 1,
        "regex": "",
        "skipUrlSync": false,
        "type": "datasource"
      },
      {
        "allValue": ".*",
        "current": {
          "selected": false,
          "text": "commerce",
          "value": "commerce"
        },
        "datasource": "${DS_PROMETHEUS}",
        "definition": "label_values(jvm_memory_used_bytes, namespace)",
        "description": null,
        "error": null,
        "hide": 0,
        "includeAll": false,
        "label": "namespace",
        "multi": false,
        "name": "namespace",
        "options": [],
        "query": {
          "query": "label_values(jvm_memory_used_bytes, namespace)",
          "refId": "Prometheus-namespace-Variable-Query"
        },
        "refresh": 2,
        "regex": "",
        "skipUrlSync": false,
        "sort": 1,
        "tagValuesQuery": "",
        "tags": [],
        "tagsQuery": "",
        "type": "query",
        "useTags": false
      },
      {
        "allValue": ".*",
        "current": {
          "selected": true,
          "text": [
            "All"
          ],
          "value": [
            "$__all"
          ]
        },
        "datasource": "${DS_PROMETHEUS}",
        "definition": "label_values(jvm_memory_used_bytes{namespace=~\"$namespace\"}, job)",
        "description": null,
        "error": null,
        "hide": 0,
        "includeAll": true,
        "label": "deployment",
        "multi": true,
        "name": "job",
        "options": [],
        "query": {
          "query": "label_values(jvm_memory_used_bytes{namespace=~\"$namespace\"}, job)",
          "refId": "Prometheus-job-Variable-Query"
        },
        "refresh": 2,
        "regex": "",
        "skipUrlSync": false,
        "sort": 0,
        "tagValuesQuery": "",
        "tags": [],
        "tagsQuery": "",
        "type": "query",
        "useTags": false
      },
      {
        "allValue": ".*",
        "current": {
          "selected": false,
          "text": "All",
          "value": "$__all"
        },
        "datasource": "${DS_PROMETHEUS}",
        "definition": "label_values(jvm_memory_used_bytes{namespace=~\"$namespace\",job=~\"$job\"}, pod)",
        "description": null,
        "error": null,
        "hide": 0,
        "includeAll": true,
        "label": "pod",
        "multi": true,
        "name": "pod",
        "options": [],
        "query": {
          "query": "label_values(jvm_memory_used_bytes{namespace=~\"$namespace\",job=~\"$job\"}, pod)",
          "refId": "Prometheus-pod-Variable-Query"
        },
        "refresh": 2,
        "regex": "",
        "skipUrlSync": false,
        "sort": 0,
        "tagValuesQuery": "",
        "tags": [],
        "tagsQuery": "",
        "type": "query",
        "useTags": false
      }
    ]
  },
  "time": {
    "from": "now-5m",
    "to": "now"
  },
  "timepicker": {
    "refresh_intervals": [
      "5s",
      "10s",
      "30s",
      "1m",
      "5m",
      "15m",
      "30m",
      "1h",
      "2h",
      "1d"
    ]
  },
  "timezone": "",
  "title": "Java - Summary Metrics by Pod",
  "uid": "hcl_java_summary_by_pod",
  "version": 919
}