{
  "annotations": {
    "list": [
      {
        "builtIn": 1,
        "datasource": "-- Grafana --",
        "enable": true,
        "hide": true,
        "iconColor": "rgba(0, 211, 255, 1)",
        "name": "Annotations & Alerts",
        "type": "dashboard"
      }
    ]
  },
  "editable": true,
  "gnetId": null,
  "graphTooltip": 0,
  "id": 220,
  "iteration": 1646056560108,
  "links": [
    {
      "asDropdown": false,
      "icon": "external link",
      "includeVars": true,
      "keepTime": true,
      "tags": [
        "hcl",
        "java"
      ],
      "title": "Java",
      "type": "dashboards"
    }
  ],
  "panels": [
    {
      "aliasColors": {},
      "bars": false,
      "dashLength": 10,
      "dashes": false,
      "datasource": "${DS_PROMETHEUS}",
      "fieldConfig": {
        "defaults": {
          "links": []
        },
        "overrides": []
      },
      "fill": 1,
      "fillGradient": 0,
      "gridPos": {
        "h": 8,
        "w": 7,
        "x": 0,
        "y": 0
      },
      "hiddenSeries": false,
      "id": 14,
      "legend": {
        "avg": false,
        "current": false,
        "max": false,
        "min": false,
        "show": true,
        "total": false,
        "values": false
      },
      "lines": true,
      "linewidth": 1,
      "nullPointMode": "null",
      "options": {
        "alertThreshold": true
      },
      "percentage": false,
      "pluginVersion": "7.5.5",
      "pointradius": 2,
      "points": false,
      "renderer": "flot",
      "seriesOverrides": [],
      "spaceLength": 10,
      "stack": false,
      "steppedLine": false,
      "targets": [
        {
          "exemplar": true,
          "expr": "system_cpu_count{namespace=~\"$namespace\", job=~\"$job\", pod=\"$pod\"}",
          "interval": "",
          "legendFormat": "cpu",
          "refId": "A"
        },
        {
          "expr": "system_load_average_1m{namespace=~\"$namespace\", job=~\"$job\", pod=\"$pod\"}",
          "legendFormat": "load",
          "refId": "B"
        }
      ],
      "thresholds": [],
      "timeFrom": null,
      "timeRegions": [],
      "timeShift": null,
      "title": "CPU Load",
      "tooltip": {
        "shared": true,
        "sort": 0,
        "value_type": "individual"
      },
      "type": "graph",
      "xaxis": {
        "buckets": null,
        "mode": "time",
        "name": null,
        "show": true,
        "values": []
      },
      "yaxes": [
        {
          "$$hashKey": "object:156",
          "format": "short",
          "label": null,
          "logBase": 1,
          "max": null,
          "min": null,
          "show": true
        },
        {
          "$$hashKey": "object:157",
          "format": "short",
          "label": null,
          "logBase": 1,
          "max": null,
          "min": null,
          "show": true
        }
      ],
      "yaxis": {
        "align": false,
        "alignLevel": null
      }
    },
    {
      "aliasColors": {},
      "bars": false,
      "dashLength": 10,
      "dashes": false,
      "datasource": "${DS_PROMETHEUS}",
      "fieldConfig": {
        "defaults": {
          "links": []
        },
        "overrides": []
      },
      "fill": 1,
      "fillGradient": 0,
      "gridPos": {
        "h": 8,
        "w": 7,
        "x": 7,
        "y": 0
      },
      "hiddenSeries": false,
      "id": 15,
      "legend": {
        "avg": false,
        "current": false,
        "max": false,
        "min": false,
        "show": true,
        "total": false,
        "values": false
      },
      "lines": true,
      "linewidth": 1,
      "nullPointMode": "null",
      "options": {
        "alertThreshold": true
      },
      "percentage": false,
      "pluginVersion": "7.5.5",
      "pointradius": 2,
      "points": false,
      "renderer": "flot",
      "repeat": null,
      "repeatDirection": "h",
      "seriesOverrides": [],
      "spaceLength": 10,
      "stack": false,
      "steppedLine": false,
      "targets": [
        {
          "expr": "jvm_threads_states_threads{namespace=~\"$namespace\", job=~\"$job\", pod=\"$pod\"}",
          "legendFormat": "{{state}}",
          "refId": "A"
        }
      ],
      "thresholds": [],
      "timeFrom": null,
      "timeRegions": [],
      "timeShift": null,
      "title": "Thread States",
      "tooltip": {
        "shared": true,
        "sort": 0,
        "value_type": "individual"
      },
      "type": "graph",
      "xaxis": {
        "buckets": null,
        "mode": "time",
        "name": null,
        "show": true,
        "values": []
      },
      "yaxes": [
        {
          "format": "short",
          "label": null,
          "logBase": 1,
          "max": null,
          "min": null,
          "show": true
        },
        {
          "format": "short",
          "label": null,
          "logBase": 1,
          "max": null,
          "min": null,
          "show": true
        }
      ],
      "yaxis": {
        "align": false,
        "alignLevel": null
      }
    },
    {
      "collapsed": true,
      "datasource": "${DS_PROMETHEUS}",
      "gridPos": {
        "h": 1,
        "w": 24,
        "x": 0,
        "y": 8
      },
      "id": 41,
      "panels": [
        {
          "aliasColors": {},
          "bars": false,
          "dashLength": 10,
          "dashes": false,
          "datasource": "${DS_PROMETHEUS}",
          "decimals": null,
          "fieldConfig": {
            "defaults": {
              "links": []
            },
            "overrides": []
          },
          "fill": 1,
          "fillGradient": 0,
          "gridPos": {
            "h": 8,
            "w": 7,
            "x": 0,
            "y": 9
          },
          "hiddenSeries": false,
          "id": 10,
          "legend": {
            "avg": false,
            "current": true,
            "max": true,
            "min": false,
            "rightSide": false,
            "show": true,
            "total": false,
            "values": true
          },
          "lines": true,
          "linewidth": 1,
          "nullPointMode": "null",
          "options": {
            "alertThreshold": true
          },
          "percentage": false,
          "pluginVersion": "7.5.5",
          "pointradius": 2,
          "points": false,
          "renderer": "flot",
          "seriesOverrides": [],
          "spaceLength": 10,
          "stack": false,
          "steppedLine": false,
          "targets": [
            {
              "expr": "sum(jvm_memory_used_bytes{namespace=~\"$namespace\", job=~\"$job\", pod=\"$pod\" })",
              "intervalFactor": 2,
              "legendFormat": "used",
              "refId": "A"
            },
            {
              "expr": "sum(jvm_memory_committed_bytes{namespace=~\"$namespace\", job=~\"$job\", pod=\"$pod\"})  ",
              "intervalFactor": 2,
              "legendFormat": "committed",
              "refId": "B"
            },
            {
              "expr": "sum(jvm_memory_max_bytes{namespace=~\"$namespace\", job=~\"$job\", pod=\"$pod\"})  ",
              "intervalFactor": 2,
              "legendFormat": "max",
              "refId": "C"
            }
          ],
          "thresholds": [],
          "timeFrom": null,
          "timeRegions": [],
          "timeShift": null,
          "title": "JVM Total Memory",
          "tooltip": {
            "shared": true,
            "sort": 0,
            "value_type": "individual"
          },
          "type": "graph",
          "xaxis": {
            "buckets": null,
            "mode": "time",
            "name": null,
            "show": true,
            "values": []
          },
          "yaxes": [
            {
              "format": "decbytes",
              "label": null,
              "logBase": 1,
              "max": null,
              "min": null,
              "show": true
            },
            {
              "format": "short",
              "label": null,
              "logBase": 1,
              "max": null,
              "min": null,
              "show": true
            }
          ],
          "yaxis": {
            "align": false,
            "alignLevel": null
          }
        },
        {
          "aliasColors": {},
          "bars": false,
          "dashLength": 10,
          "dashes": false,
          "datasource": "${DS_PROMETHEUS}",
          "fieldConfig": {
            "defaults": {
              "links": []
            },
            "overrides": []
          },
          "fill": 1,
          "fillGradient": 0,
          "gridPos": {
            "h": 8,
            "w": 7,
            "x": 7,
            "y": 9
          },
          "hiddenSeries": false,
          "id": 9,
          "legend": {
            "avg": false,
            "current": true,
            "max": true,
            "min": false,
            "rightSide": false,
            "show": true,
            "total": false,
            "values": true
          },
          "lines": true,
          "linewidth": 1,
          "nullPointMode": "null",
          "options": {
            "alertThreshold": true
          },
          "percentage": false,
          "pluginVersion": "7.5.5",
          "pointradius": 2,
          "points": false,
          "renderer": "flot",
          "seriesOverrides": [],
          "spaceLength": 10,
          "stack": false,
          "steppedLine": false,
          "targets": [
            {
              "expr": "sum(jvm_memory_used_bytes{namespace=~\"$namespace\", job=~\"$job\", pod=\"$pod\", area=\"noheap\"})",
              "intervalFactor": 2,
              "legendFormat": "used",
              "refId": "A"
            },
            {
              "expr": "sum(jvm_memory_committed_bytes{namespace=~\"$namespace\", job=~\"$job\", pod=\"$pod\", area=\"nonheap\"})  ",
              "intervalFactor": 2,
              "legendFormat": "committed",
              "refId": "B"
            },
            {
              "expr": "sum(jvm_memory_max_bytes{namespace=~\"$namespace\", job=~\"$job\", pod=\"$pod\", area=\"nonheap\"})  ",
              "intervalFactor": 2,
              "legendFormat": "max",
              "refId": "C"
            }
          ],
          "thresholds": [],
          "timeFrom": null,
          "timeRegions": [],
          "timeShift": null,
          "title": "Total JVM Non-Heap",
          "tooltip": {
            "shared": true,
            "sort": 0,
            "value_type": "individual"
          },
          "type": "graph",
          "xaxis": {
            "buckets": null,
            "mode": "time",
            "name": null,
            "show": true,
            "values": []
          },
          "yaxes": [
            {
              "format": "decbytes",
              "label": null,
              "logBase": 1,
              "max": null,
              "min": null,
              "show": true
            },
            {
              "format": "short",
              "label": null,
              "logBase": 1,
              "max": null,
              "min": null,
              "show": true
            }
          ],
          "yaxis": {
            "align": false,
            "alignLevel": null
          }
        },
        {
          "aliasColors": {},
          "bars": false,
          "dashLength": 10,
          "dashes": false,
          "datasource": "${DS_PROMETHEUS}",
          "fieldConfig": {
            "defaults": {
              "links": []
            },
            "overrides": []
          },
          "fill": 1,
          "fillGradient": 0,
          "gridPos": {
            "h": 8,
            "w": 7,
            "x": 14,
            "y": 9
          },
          "hiddenSeries": false,
          "id": 6,
          "legend": {
            "avg": false,
            "current": true,
            "max": true,
            "min": false,
            "rightSide": false,
            "show": true,
            "total": false,
            "values": true
          },
          "lines": true,
          "linewidth": 1,
          "nullPointMode": "null",
          "options": {
            "alertThreshold": true
          },
          "percentage": false,
          "pluginVersion": "7.5.5",
          "pointradius": 2,
          "points": false,
          "renderer": "flot",
          "seriesOverrides": [],
          "spaceLength": 10,
          "stack": false,
          "steppedLine": false,
          "targets": [
            {
              "expr": "sum(jvm_memory_used_bytes{namespace=~\"$namespace\", job=~\"$job\", pod=\"$pod\", area=\"heap\"})",
              "intervalFactor": 2,
              "legendFormat": "used",
              "refId": "A"
            },
            {
              "expr": "sum(jvm_memory_committed_bytes{namespace=~\"$namespace\", job=~\"$job\", pod=\"$pod\", area=\"heap\"})  ",
              "intervalFactor": 2,
              "legendFormat": "committed",
              "refId": "B"
            },
            {
              "expr": "sum(jvm_memory_max_bytes{namespace=~\"$namespace\", job=~\"$job\", pod=\"$pod\", area=\"heap\"})  ",
              "intervalFactor": 2,
              "legendFormat": "max",
              "refId": "C"
            }
          ],
          "thresholds": [],
          "timeFrom": null,
          "timeRegions": [],
          "timeShift": null,
          "title": "Total JVM Heap",
          "tooltip": {
            "shared": true,
            "sort": 0,
            "value_type": "individual"
          },
          "type": "graph",
          "xaxis": {
            "buckets": null,
            "mode": "time",
            "name": null,
            "show": true,
            "values": []
          },
          "yaxes": [
            {
              "format": "decbytes",
              "label": null,
              "logBase": 1,
              "max": null,
              "min": null,
              "show": true
            },
            {
              "format": "short",
              "label": null,
              "logBase": 1,
              "max": null,
              "min": null,
              "show": true
            }
          ],
          "yaxis": {
            "align": false,
            "alignLevel": null
          }
        }
      ],
      "title": "JVM Memory",
      "type": "row"
    },
    {
      "collapsed": true,
      "datasource": "${DS_PROMETHEUS}",
      "gridPos": {
        "h": 1,
        "w": 24,
        "x": 0,
        "y": 9
      },
      "id": 21,
      "panels": [
        {
          "aliasColors": {},
          "bars": false,
          "dashLength": 10,
          "dashes": false,
          "datasource": "${DS_PROMETHEUS}",
          "fill": 1,
          "fillGradient": 0,
          "gridPos": {
            "h": 8,
            "w": 8,
            "x": 0,
            "y": 10
          },
          "hiddenSeries": false,
          "id": 16,
          "legend": {
            "avg": false,
            "current": true,
            "max": true,
            "min": false,
            "rightSide": false,
            "show": true,
            "total": false,
            "values": true
          },
          "lines": true,
          "linewidth": 1,
          "maxPerRow": 3,
          "nullPointMode": "null",
          "options": {
            "dataLinks": []
          },
          "percentage": false,
          "pointradius": 2,
          "points": false,
          "renderer": "flot",
          "repeat": "jvm_memory_pool_heap",
          "repeatDirection": "h",
          "seriesOverrides": [],
          "spaceLength": 10,
          "stack": false,
          "steppedLine": false,
          "targets": [
            {
              "expr": "sum(jvm_memory_used_bytes{namespace=~\"$namespace\", job=~\"$job\", pod=\"$pod\", area=\"heap\", id=\"$jvm_memory_pool_heap\"})",
              "intervalFactor": 2,
              "legendFormat": "used",
              "refId": "A"
            },
            {
              "expr": "sum(jvm_memory_committed_bytes{namespace=~\"$namespace\", job=~\"$job\", pod=\"$pod\", area=\"heap\", id=\"$jvm_memory_pool_heap\"})  ",
              "intervalFactor": 2,
              "legendFormat": "committed",
              "refId": "B"
            },
            {
              "expr": "sum(jvm_memory_max_bytes{namespace=~\"$namespace\", job=~\"$job\", pod=\"$pod\", area=\"heap\", id=\"$jvm_memory_pool_heap\"})  ",
              "intervalFactor": 2,
              "legendFormat": "max",
              "refId": "C"
            }
          ],
          "thresholds": [],
          "timeFrom": null,
          "timeRegions": [],
          "timeShift": null,
          "title": "$jvm_memory_pool_heap",
          "tooltip": {
            "shared": true,
            "sort": 0,
            "value_type": "individual"
          },
          "type": "graph",
          "xaxis": {
            "buckets": null,
            "mode": "time",
            "name": null,
            "show": true,
            "values": []
          },
          "yaxes": [
            {
              "format": "decbytes",
              "label": null,
              "logBase": 1,
              "max": null,
              "min": "0",
              "show": true
            },
            {
              "format": "short",
              "label": null,
              "logBase": 1,
              "max": null,
              "min": null,
              "show": true
            }
          ],
          "yaxis": {
            "align": false,
            "alignLevel": null
          }
        }
      ],
      "title": "JVM Heap Memory Pools",
      "type": "row"
    },
    {
      "collapsed": true,
      "datasource": "${DS_PROMETHEUS}",
      "gridPos": {
        "h": 1,
        "w": 24,
        "x": 0,
        "y": 10
      },
      "id": 26,
      "panels": [
        {
          "aliasColors": {},
          "bars": false,
          "dashLength": 10,
          "dashes": false,
          "datasource": "${DS_PROMETHEUS}",
          "fieldConfig": {
            "defaults": {
              "links": []
            },
            "overrides": []
          },
          "fill": 1,
          "fillGradient": 0,
          "gridPos": {
            "h": 8,
            "w": 8,
            "x": 0,
            "y": 11
          },
          "hiddenSeries": false,
          "id": 30,
          "legend": {
            "avg": false,
            "current": true,
            "max": true,
            "min": false,
            "rightSide": false,
            "show": true,
            "total": false,
            "values": true
          },
          "lines": true,
          "linewidth": 1,
          "maxPerRow": 3,
          "nullPointMode": "null",
          "options": {
            "alertThreshold": true
          },
          "percentage": false,
          "pluginVersion": "7.5.5",
          "pointradius": 2,
          "points": false,
          "renderer": "flot",
          "repeat": "jvm_memory_pool_nonheap",
          "repeatDirection": "h",
          "scopedVars": {
            "jvm_memory_pool_nonheap": {
              "selected": false,
              "text": "miscellaneous non-heap storage",
              "value": "miscellaneous non-heap storage"
            }
          },
          "seriesOverrides": [],
          "spaceLength": 10,
          "stack": false,
          "steppedLine": false,
          "targets": [
            {
              "expr": "sum(jvm_memory_used_bytes{namespace=~\"$namespace\", job=~\"$job\", pod=\"$pod\", area=\"nonheap\", id=\"$jvm_memory_pool_nonheap\"})",
              "intervalFactor": 2,
              "legendFormat": "used",
              "refId": "A"
            },
            {
              "expr": "sum(jvm_memory_committed_bytes{namespace=~\"$namespace\", job=~\"$job\", pod=\"$pod\", area=\"nonheap\", id=\"$jvm_memory_pool_nonheap\"})  ",
              "intervalFactor": 2,
              "legendFormat": "committed",
              "refId": "B"
            },
            {
              "expr": "sum(jvm_memory_max_bytes{namespace=~\"$namespace\", job=~\"$job\", pod=\"$pod\", area=\"nonheap\", id=\"$jvm_memory_pool_nonheap\"})  ",
              "intervalFactor": 2,
              "legendFormat": "max",
              "refId": "C"
            }
          ],
          "thresholds": [],
          "timeFrom": null,
          "timeRegions": [],
          "timeShift": null,
          "title": "$jvm_memory_pool_nonheap",
          "tooltip": {
            "shared": true,
            "sort": 0,
            "value_type": "individual"
          },
          "type": "graph",
          "xaxis": {
            "buckets": null,
            "mode": "time",
            "name": null,
            "show": true,
            "values": []
          },
          "yaxes": [
            {
              "$$hashKey": "object:402",
              "format": "decbytes",
              "label": null,
              "logBase": 1,
              "max": null,
              "min": "0",
              "show": true
            },
            {
              "$$hashKey": "object:403",
              "format": "short",
              "label": null,
              "logBase": 1,
              "max": null,
              "min": null,
              "show": true
            }
          ],
          "yaxis": {
            "align": false,
            "alignLevel": null
          }
        },
        {
          "aliasColors": {},
          "bars": false,
          "dashLength": 10,
          "dashes": false,
          "datasource": "${DS_PROMETHEUS}",
          "fieldConfig": {
            "defaults": {
              "links": []
            },
            "overrides": []
          },
          "fill": 1,
          "fillGradient": 0,
          "gridPos": {
            "h": 8,
            "w": 8,
            "x": 8,
            "y": 11
          },
          "hiddenSeries": false,
          "id": 61,
          "legend": {
            "avg": false,
            "current": true,
            "max": true,
            "min": false,
            "rightSide": false,
            "show": true,
            "total": false,
            "values": true
          },
          "lines": true,
          "linewidth": 1,
          "maxPerRow": 3,
          "nullPointMode": "null",
          "options": {
            "alertThreshold": true
          },
          "percentage": false,
          "pluginVersion": "7.5.5",
          "pointradius": 2,
          "points": false,
          "renderer": "flot",
          "repeatDirection": "h",
          "repeatIteration": 1646056560108,
          "repeatPanelId": 30,
          "scopedVars": {
            "jvm_memory_pool_nonheap": {
              "selected": false,
              "text": "class storage",
              "value": "class storage"
            }
          },
          "seriesOverrides": [],
          "spaceLength": 10,
          "stack": false,
          "steppedLine": false,
          "targets": [
            {
              "expr": "sum(jvm_memory_used_bytes{namespace=~\"$namespace\", job=~\"$job\", pod=\"$pod\", area=\"nonheap\", id=\"$jvm_memory_pool_nonheap\"})",
              "intervalFactor": 2,
              "legendFormat": "used",
              "refId": "A"
            },
            {
              "expr": "sum(jvm_memory_committed_bytes{namespace=~\"$namespace\", job=~\"$job\", pod=\"$pod\", area=\"nonheap\", id=\"$jvm_memory_pool_nonheap\"})  ",
              "intervalFactor": 2,
              "legendFormat": "committed",
              "refId": "B"
            },
            {
              "expr": "sum(jvm_memory_max_bytes{namespace=~\"$namespace\", job=~\"$job\", pod=\"$pod\", area=\"nonheap\", id=\"$jvm_memory_pool_nonheap\"})  ",
              "intervalFactor": 2,
              "legendFormat": "max",
              "refId": "C"
            }
          ],
          "thresholds": [],
          "timeFrom": null,
          "timeRegions": [],
          "timeShift": null,
          "title": "$jvm_memory_pool_nonheap",
          "tooltip": {
            "shared": true,
            "sort": 0,
            "value_type": "individual"
          },
          "type": "graph",
          "xaxis": {
            "buckets": null,
            "mode": "time",
            "name": null,
            "show": true,
            "values": []
          },
          "yaxes": [
            {
              "$$hashKey": "object:402",
              "format": "decbytes",
              "label": null,
              "logBase": 1,
              "max": null,
              "min": "0",
              "show": true
            },
            {
              "$$hashKey": "object:403",
              "format": "short",
              "label": null,
              "logBase": 1,
              "max": null,
              "min": null,
              "show": true
            }
          ],
          "yaxis": {
            "align": false,
            "alignLevel": null
          }
        },
        {
          "aliasColors": {},
          "bars": false,
          "dashLength": 10,
          "dashes": false,
          "datasource": "${DS_PROMETHEUS}",
          "fieldConfig": {
            "defaults": {
              "links": []
            },
            "overrides": []
          },
          "fill": 1,
          "fillGradient": 0,
          "gridPos": {
            "h": 8,
            "w": 8,
            "x": 16,
            "y": 11
          },
          "hiddenSeries": false,
          "id": 62,
          "legend": {
            "avg": false,
            "current": true,
            "max": true,
            "min": false,
            "rightSide": false,
            "show": true,
            "total": false,
            "values": true
          },
          "lines": true,
          "linewidth": 1,
          "maxPerRow": 3,
          "nullPointMode": "null",
          "options": {
            "alertThreshold": true
          },
          "percentage": false,
          "pluginVersion": "7.5.5",
          "pointradius": 2,
          "points": false,
          "renderer": "flot",
          "repeatDirection": "h",
          "repeatIteration": 1646056560108,
          "repeatPanelId": 30,
          "scopedVars": {
            "jvm_memory_pool_nonheap": {
              "selected": false,
              "text": "JIT data cache",
              "value": "JIT data cache"
            }
          },
          "seriesOverrides": [],
          "spaceLength": 10,
          "stack": false,
          "steppedLine": false,
          "targets": [
            {
              "expr": "sum(jvm_memory_used_bytes{namespace=~\"$namespace\", job=~\"$job\", pod=\"$pod\", area=\"nonheap\", id=\"$jvm_memory_pool_nonheap\"})",
              "intervalFactor": 2,
              "legendFormat": "used",
              "refId": "A"
            },
            {
              "expr": "sum(jvm_memory_committed_bytes{namespace=~\"$namespace\", job=~\"$job\", pod=\"$pod\", area=\"nonheap\", id=\"$jvm_memory_pool_nonheap\"})  ",
              "intervalFactor": 2,
              "legendFormat": "committed",
              "refId": "B"
            },
            {
              "expr": "sum(jvm_memory_max_bytes{namespace=~\"$namespace\", job=~\"$job\", pod=\"$pod\", area=\"nonheap\", id=\"$jvm_memory_pool_nonheap\"})  ",
              "intervalFactor": 2,
              "legendFormat": "max",
              "refId": "C"
            }
          ],
          "thresholds": [],
          "timeFrom": null,
          "timeRegions": [],
          "timeShift": null,
          "title": "$jvm_memory_pool_nonheap",
          "tooltip": {
            "shared": true,
            "sort": 0,
            "value_type": "individual"
          },
          "type": "graph",
          "xaxis": {
            "buckets": null,
            "mode": "time",
            "name": null,
            "show": true,
            "values": []
          },
          "yaxes": [
            {
              "$$hashKey": "object:402",
              "format": "decbytes",
              "label": null,
              "logBase": 1,
              "max": null,
              "min": "0",
              "show": true
            },
            {
              "$$hashKey": "object:403",
              "format": "short",
              "label": null,
              "logBase": 1,
              "max": null,
              "min": null,
              "show": true
            }
          ],
          "yaxis": {
            "align": false,
            "alignLevel": null
          }
        },
        {
          "aliasColors": {},
          "bars": false,
          "dashLength": 10,
          "dashes": false,
          "datasource": "${DS_PROMETHEUS}",
          "fieldConfig": {
            "defaults": {
              "links": []
            },
            "overrides": []
          },
          "fill": 1,
          "fillGradient": 0,
          "gridPos": {
            "h": 8,
            "w": 8,
            "x": 0,
            "y": 19
          },
          "hiddenSeries": false,
          "id": 63,
          "legend": {
            "avg": false,
            "current": true,
            "max": true,
            "min": false,
            "rightSide": false,
            "show": true,
            "total": false,
            "values": true
          },
          "lines": true,
          "linewidth": 1,
          "maxPerRow": 3,
          "nullPointMode": "null",
          "options": {
            "alertThreshold": true
          },
          "percentage": false,
          "pluginVersion": "7.5.5",
          "pointradius": 2,
          "points": false,
          "renderer": "flot",
          "repeatDirection": "h",
          "repeatIteration": 1646056560108,
          "repeatPanelId": 30,
          "scopedVars": {
            "jvm_memory_pool_nonheap": {
              "selected": false,
              "text": "JIT code cache",
              "value": "JIT code cache"
            }
          },
          "seriesOverrides": [],
          "spaceLength": 10,
          "stack": false,
          "steppedLine": false,
          "targets": [
            {
              "expr": "sum(jvm_memory_used_bytes{namespace=~\"$namespace\", job=~\"$job\", pod=\"$pod\", area=\"nonheap\", id=\"$jvm_memory_pool_nonheap\"})",
              "intervalFactor": 2,
              "legendFormat": "used",
              "refId": "A"
            },
            {
              "expr": "sum(jvm_memory_committed_bytes{namespace=~\"$namespace\", job=~\"$job\", pod=\"$pod\", area=\"nonheap\", id=\"$jvm_memory_pool_nonheap\"})  ",
              "intervalFactor": 2,
              "legendFormat": "committed",
              "refId": "B"
            },
            {
              "expr": "sum(jvm_memory_max_bytes{namespace=~\"$namespace\", job=~\"$job\", pod=\"$pod\", area=\"nonheap\", id=\"$jvm_memory_pool_nonheap\"})  ",
              "intervalFactor": 2,
              "legendFormat": "max",
              "refId": "C"
            }
          ],
          "thresholds": [],
          "timeFrom": null,
          "timeRegions": [],
          "timeShift": null,
          "title": "$jvm_memory_pool_nonheap",
          "tooltip": {
            "shared": true,
            "sort": 0,
            "value_type": "individual"
          },
          "type": "graph",
          "xaxis": {
            "buckets": null,
            "mode": "time",
            "name": null,
            "show": true,
            "values": []
          },
          "yaxes": [
            {
              "$$hashKey": "object:402",
              "format": "decbytes",
              "label": null,
              "logBase": 1,
              "max": null,
              "min": "0",
              "show": true
            },
            {
              "$$hashKey": "object:403",
              "format": "short",
              "label": null,
              "logBase": 1,
              "max": null,
              "min": null,
              "show": true
            }
          ],
          "yaxis": {
            "align": false,
            "alignLevel": null
          }
        },
        {
          "aliasColors": {},
          "bars": false,
          "dashLength": 10,
          "dashes": false,
          "datasource": "${DS_PROMETHEUS}",
          "description": "",
          "fieldConfig": {
            "defaults": {},
            "overrides": []
          },
          "fill": 1,
          "fillGradient": 0,
          "gridPos": {
            "h": 8,
            "w": 8,
            "x": 8,
            "y": 19
          },
          "hiddenSeries": false,
          "id": 60,
          "legend": {
            "avg": false,
            "current": false,
            "max": false,
            "min": false,
            "show": true,
            "total": false,
            "values": false
          },
          "lines": true,
          "linewidth": 1,
          "nullPointMode": "null",
          "options": {
            "alertThreshold": true
          },
          "percentage": false,
          "pluginVersion": "7.5.5",
          "pointradius": 2,
          "points": false,
          "renderer": "flot",
          "seriesOverrides": [],
          "spaceLength": 10,
          "stack": false,
          "steppedLine": false,
          "targets": [
            {
              "exemplar": true,
              "expr": "hclcache_netty_used_direct_memory_bytes{namespace=~\"$namespace\", job=~\"$job\", pod=\"$pod\"}",
              "interval": "",
              "legendFormat": "direct_memory",
              "refId": "A"
            }
          ],
          "thresholds": [],
          "timeFrom": null,
          "timeRegions": [],
          "timeShift": null,
          "title": "HCL Cache Netty used direct memory",
          "tooltip": {
            "shared": true,
            "sort": 0,
            "value_type": "individual"
          },
          "type": "graph",
          "xaxis": {
            "buckets": null,
            "mode": "time",
            "name": null,
            "show": true,
            "values": []
          },
          "yaxes": [
            {
              "$$hashKey": "object:84",
              "format": "decbytes",
              "label": null,
              "logBase": 1,
              "max": null,
              "min": "0",
              "show": true
            },
            {
              "$$hashKey": "object:85",
              "format": "short",
              "label": null,
              "logBase": 1,
              "max": null,
              "min": null,
              "show": true
            }
          ],
          "yaxis": {
            "align": false,
            "alignLevel": null
          }
        }
      ],
      "title": "JVM Non-Heap Memory Pools",
      "type": "row"
    }
  ],
  "refresh": false,
  "schemaVersion": 27,
  "style": "dark",
  "tags": [
    "hcl",
    "java"
  ],
  "templating": {
    "list": [
      {
        "current": {
          "selected": false,
          "text": "Prometheus",
          "value": "Prometheus"
        },
        "description": null,
        "error": null,
        "hide": 0,
        "includeAll": false,
        "label": "Prometheus",
        "multi": false,
        "name": "DS_PROMETHEUS",
        "options": [],
        "query": "prometheus",
        "refresh": 1,
        "regex": "",
        "skipUrlSync": false,
        "type": "datasource"
      },
      {
        "allValue": null,
        "current": {
          "selected": false,
          "text": "commerce",
          "value": "commerce"
        },
        "datasource": "${DS_PROMETHEUS}",
        "definition": "label_values(jvm_memory_used_bytes, namespace)",
        "description": null,
        "error": null,
        "hide": 0,
        "includeAll": false,
        "label": "namespace",
        "multi": false,
        "name": "namespace",
        "options": [],
        "query": {
          "query": "label_values(jvm_memory_used_bytes, namespace)",
          "refId": "Prometheus-namespace-Variable-Query"
        },
        "refresh": 2,
        "regex": "",
        "skipUrlSync": false,
        "sort": 1,
        "tagValuesQuery": "",
        "tags": [],
        "tagsQuery": "",
        "type": "query",
        "useTags": false
      },
      {
        "allValue": ".*",
        "current": {
          "selected": true,
          "text": [
            "All"
          ],
          "value": [
            "$__all"
          ]
        },
        "datasource": "${DS_PROMETHEUS}",
        "definition": "label_values(jvm_memory_used_bytes{namespace=~\"$namespace\"}, job)",
        "description": null,
        "error": null,
        "hide": 0,
        "includeAll": true,
        "label": "deployment",
        "multi": true,
        "name": "job",
        "options": [],
        "query": {
          "query": "label_values(jvm_memory_used_bytes{namespace=~\"$namespace\"}, job)",
          "refId": "Prometheus-job-Variable-Query"
        },
        "refresh": 2,
        "regex": "",
        "skipUrlSync": false,
        "sort": 0,
        "tagValuesQuery": "",
        "tags": [],
        "tagsQuery": "",
        "type": "query",
        "useTags": false
      },
      {
        "allValue": ".*",
        "current": {
          "selected": false,
          "text": "demoqalivequery-app-65f847fdff-lr45k",
          "value": "demoqalivequery-app-65f847fdff-lr45k"
        },
        "datasource": "${DS_PROMETHEUS}",
        "definition": "label_values(jvm_memory_used_bytes{namespace=~\"$namespace\",job=~\"$job\"}, pod)",
        "description": null,
        "error": null,
        "hide": 0,
        "includeAll": false,
        "label": "pod",
        "multi": false,
        "name": "pod",
        "options": [],
        "query": {
          "query": "label_values(jvm_memory_used_bytes{namespace=~\"$namespace\",job=~\"$job\"}, pod)",
          "refId": "Prometheus-pod-Variable-Query"
        },
        "refresh": 2,
        "regex": "",
        "skipUrlSync": false,
        "sort": 0,
        "tagValuesQuery": "",
        "tags": [],
        "tagsQuery": "",
        "type": "query",
        "useTags": false
      },
      {
        "allValue": null,
        "current": {
          "selected": false,
          "text": "All",
          "value": "$__all"
        },
        "datasource": "${DS_PROMETHEUS}",
        "definition": "label_values(jvm_memory_used_bytes{ namespace=~\"$namespace\", job=~\"$job\",pod=\"$pod\", area=\"heap\",},id)",
        "description": null,
        "error": null,
        "hide": 0,
        "includeAll": true,
        "label": "jvm_memory_pool_heap",
        "multi": false,
        "name": "jvm_memory_pool_heap",
        "options": [],
        "query": {
          "query": "label_values(jvm_memory_used_bytes{ namespace=~\"$namespace\", job=~\"$job\",pod=\"$pod\", area=\"heap\",},id)",
          "refId": "Prometheus-jvm_memory_pool_heap-Variable-Query"
        },
        "refresh": 2,
        "regex": "",
        "skipUrlSync": false,
        "sort": 2,
        "tagValuesQuery": "",
        "tags": [],
        "tagsQuery": "",
        "type": "query",
        "useTags": false
      },
      {
        "allValue": null,
        "current": {
          "selected": false,
          "text": "All",
          "value": "$__all"
        },
        "datasource": "${DS_PROMETHEUS}",
        "definition": "label_values(jvm_memory_used_bytes{ namespace=~\"$namespace\", job=~\"$job\",pod=\"$pod\", area=\"nonheap\",},id)",
        "description": null,
        "error": null,
        "hide": 0,
        "includeAll": true,
        "label": "jvm_memory_pool_nonheap",
        "multi": false,
        "name": "jvm_memory_pool_nonheap",
        "options": [],
        "query": {
          "query": "label_values(jvm_memory_used_bytes{ namespace=~\"$namespace\", job=~\"$job\",pod=\"$pod\", area=\"nonheap\",},id)",
          "refId": "Prometheus-jvm_memory_pool_nonheap-Variable-Query"
        },
        "refresh": 2,
        "regex": "",
        "skipUrlSync": false,
        "sort": 2,
        "tagValuesQuery": "",
        "tags": [],
        "tagsQuery": "",
        "type": "query",
        "useTags": false
      }
    ]
  },
  "time": {
    "from": "now-5m",
    "to": "now"
  },
  "timepicker": {
    "refresh_intervals": [
      "5s",
      "10s",
      "30s",
      "1m",
      "5m",
      "15m",
      "30m",
      "1h",
      "2h",
      "1d"
    ]
  },
  "timezone": "",
  "title": "Java - Detailed Metrics by Pod",
  "uid": "hcl_java_details_by_pod",
  "version": 919
}